[{"id":1,"first_name":"Leelah","last_name":"Crowest","email":"lcrowest0@squarespace.com","date_of_birth":"1996-12-02T00:10:06Z","age":24,"country":"Malaysia","phone":"2204092574"},
{"id":2,"first_name":"Binni","last_name":"McPhilip","email":"bmcphilip1@networkadvertising.org","date_of_birth":"1975-12-04T17:57:06Z","age":19,"country":"Russia","phone":"1274785092"},
{"id":3,"first_name":"Drusi","last_name":"Ruddy","email":"druddy2@vistaprint.com","date_of_birth":"1979-03-30T03:13:19Z","age":51,"country":"Thailand","phone":"6647166634"},
{"id":4,"first_name":"Crissy","last_name":"Cullabine","email":"ccullabine3@scribd.com","date_of_birth":"1994-01-13T20:01:55Z","age":31,"country":"Mexico","phone":"4197339784"},
{"id":5,"first_name":"Somerset","last_name":"Kimbly","email":"skimbly4@yandex.ru","date_of_birth":"2016-01-04T02:12:49Z","age":45,"country":"France","phone":"9637474231"},
{"id":6,"first_name":"Peggy","last_name":"McIvor","email":"pmcivor5@rediff.com","date_of_birth":"1977-09-05T21:36:33Z","age":18,"country":"Mexico","phone":"1549982183"},
{"id":7,"first_name":"Brice","last_name":"Sainer","email":"bsainer6@illinois.edu","date_of_birth":"2000-06-09T05:53:02Z","age":18,"country":"Czech Republic","phone":"8007646345"},
{"id":8,"first_name":"Berni","last_name":"Trevenu","email":"btrevenu7@pcworld.com","date_of_birth":"2004-10-12T16:15:54Z","age":38,"country":"Russia","phone":"5903118704"},
{"id":9,"first_name":"Elizabeth","last_name":"Hawse","email":"ehawse8@latimes.com","date_of_birth":"1996-01-23T18:32:46Z","age":54,"country":"Nepal","phone":"7804357513"},
{"id":10,"first_name":"Dalila","last_name":"Vlasin","email":"dvlasin9@php.net","date_of_birth":"2003-11-19T04:22:51Z","age":46,"country":"Indonesia","phone":"3807202718"},
{"id":11,"first_name":"Neile","last_name":"Pitney","email":"npitneya@si.edu","date_of_birth":"1976-08-05T07:37:55Z","age":34,"country":"Poland","phone":"3192756859"},
{"id":12,"first_name":"Dayna","last_name":"Nason","email":"dnasonb@wordpress.com","date_of_birth":"2011-03-26T06:57:51Z","age":36,"country":"Japan","phone":"7972166305"},
{"id":13,"first_name":"Ronnica","last_name":"MacGilpatrick","email":"rmacgilpatrickc@blogtalkradio.com","date_of_birth":"1996-12-08T21:02:20Z","age":56,"country":"Brazil","phone":"1882645668"},
{"id":14,"first_name":"Alick","last_name":"Emlin","email":"aemlind@dyndns.org","date_of_birth":"1994-08-13T16:44:58Z","age":24,"country":"Japan","phone":"1781122576"},
{"id":15,"first_name":"Daisi","last_name":"Tassaker","email":"dtassakere@360.cn","date_of_birth":"1983-05-01T19:21:38Z","age":23,"country":"Indonesia","phone":"5404189942"},
{"id":16,"first_name":"Celisse","last_name":"Leere","email":"cleeref@naver.com","date_of_birth":"1988-07-10T02:35:54Z","age":56,"country":"Philippines","phone":"4795859387"},
{"id":17,"first_name":"Rosette","last_name":"Manz","email":"rmanzg@narod.ru","date_of_birth":"2002-04-17T10:27:30Z","age":47,"country":"China","phone":"7899262884"},
{"id":18,"first_name":"Godfrey","last_name":"Streak","email":"gstreakh@admin.ch","date_of_birth":"2012-10-02T05:39:21Z","age":20,"country":"Colombia","phone":"8917341258"},
{"id":19,"first_name":"Eleanora","last_name":"Harrie","email":"eharriei@opera.com","date_of_birth":"2009-07-08T00:57:43Z","age":24,"country":"Indonesia","phone":"1549659720"},
{"id":20,"first_name":"Vivie","last_name":"Foston","email":"vfostonj@yale.edu","date_of_birth":"2000-11-15T10:28:54Z","age":48,"country":"Thailand","phone":"1872383165"},
{"id":21,"first_name":"Aubine","last_name":"Garfirth","email":"agarfirthk@github.io","date_of_birth":"1979-03-16T13:35:19Z","age":54,"country":"Indonesia","phone":"2406921893"},
{"id":22,"first_name":"Minerva","last_name":"Delgadillo","email":"mdelgadillol@walmart.com","date_of_birth":"1978-09-16T06:34:56Z","age":38,"country":"Mexico","phone":"4953567669"},
{"id":23,"first_name":"Harlen","last_name":"Purbrick","email":"hpurbrickm@telegraph.co.uk","date_of_birth":"2008-01-04T19:57:22Z","age":27,"country":"Indonesia","phone":"9542050478"},
{"id":24,"first_name":"Johnna","last_name":"Hamilton","email":"jhamiltonn@weebly.com","date_of_birth":"1987-05-06T22:23:00Z","age":56,"country":"Indonesia","phone":"6487317412"},
{"id":25,"first_name":"Tod","last_name":"Mirando","email":"tmirandoo@about.me","date_of_birth":"2000-03-28T01:04:07Z","age":56,"country":"China","phone":"7824148188"},
{"id":26,"first_name":"Eberto","last_name":"Lundbech","email":"elundbechp@networkadvertising.org","date_of_birth":"1971-01-16T02:05:57Z","age":30,"country":"El Salvador","phone":"5409534020"},
{"id":27,"first_name":"Louise","last_name":"Swannie","email":"lswannieq@ucsd.edu","date_of_birth":"2012-11-23T21:21:35Z","age":35,"country":"Sweden","phone":"8535823158"},
{"id":28,"first_name":"Kathryn","last_name":"Pilmoor","email":"kpilmoorr@istockphoto.com","date_of_birth":"1982-08-08T04:17:20Z","age":41,"country":"Russia","phone":"8729361222"},
{"id":29,"first_name":"Sallee","last_name":"Braikenridge","email":"sbraikenridges@wiley.com","date_of_birth":"1980-09-08T03:42:45Z","age":34,"country":"Nigeria","phone":"3817925300"},
{"id":30,"first_name":"Duff","last_name":"De Hooge","email":"ddehooget@va.gov","date_of_birth":"2015-07-01T18:15:58Z","age":28,"country":"China","phone":"1616876114"},
{"id":31,"first_name":"Cheston","last_name":"Leonard","email":"cleonardu@bloomberg.com","date_of_birth":"1986-03-11T12:11:05Z","age":25,"country":"France","phone":"2249438492"},
{"id":32,"first_name":"Duncan","last_name":"Messier","email":"dmessierv@usatoday.com","date_of_birth":"1976-04-02T13:16:36Z","age":58,"country":"Portugal","phone":"1776496914"},
{"id":33,"first_name":"Margit","last_name":"Brownbill","email":"mbrownbillw@earthlink.net","date_of_birth":"2005-08-10T10:11:21Z","age":48,"country":"Kyrgyzstan","phone":"7349474865"},
{"id":34,"first_name":"Vi","last_name":"Evett","email":"vevettx@abc.net.au","date_of_birth":"1984-01-28T10:16:46Z","age":48,"country":"Argentina","phone":"6417377600"},
{"id":35,"first_name":"Ode","last_name":"Signori","email":"osignoriy@sfgate.com","date_of_birth":"2002-12-22T10:50:10Z","age":24,"country":"Argentina","phone":"3701484355"},
{"id":36,"first_name":"Carolan","last_name":"Simmans","email":"csimmansz@google.de","date_of_birth":"1977-07-04T12:15:21Z","age":52,"country":"Brazil","phone":"7827132589"},
{"id":37,"first_name":"Shae","last_name":"Rawlinson","email":"srawlinson10@cam.ac.uk","date_of_birth":"1988-09-12T16:25:31Z","age":36,"country":"Bolivia","phone":"2322528318"},
{"id":38,"first_name":"Talia","last_name":"Basezzi","email":"tbasezzi11@youku.com","date_of_birth":"2006-05-30T17:37:05Z","age":41,"country":"United States","phone":"5038929156"},
{"id":39,"first_name":"Cassey","last_name":"Derricoat","email":"cderricoat12@ed.gov","date_of_birth":"1991-09-28T00:02:57Z","age":50,"country":"Indonesia","phone":"2003495093"},
{"id":40,"first_name":"Paolo","last_name":"Di Bartolommeo","email":"pdibartolommeo13@surveymonkey.com","date_of_birth":"1999-01-22T11:00:09Z","age":50,"country":"Japan","phone":"6572307351"},
{"id":41,"first_name":"Johna","last_name":"Gwilliam","email":"jgwilliam14@wordpress.org","date_of_birth":"1974-06-14T04:58:13Z","age":18,"country":"China","phone":"4555551263"},
{"id":42,"first_name":"Olympe","last_name":"Stoak","email":"ostoak15@washingtonpost.com","date_of_birth":"2005-05-17T00:24:20Z","age":53,"country":"Thailand","phone":"3098607267"},
{"id":43,"first_name":"Zack","last_name":"Jerman","email":"zjerman16@rambler.ru","date_of_birth":"1999-01-02T13:22:24Z","age":24,"country":"Thailand","phone":"6715389773"},
{"id":44,"first_name":"Kiley","last_name":"Davisson","email":"kdavisson17@1688.com","date_of_birth":"1984-06-15T08:50:34Z","age":19,"country":"Portugal","phone":"7423671497"},
{"id":45,"first_name":"Lutero","last_name":"Crocetto","email":"lcrocetto18@bloglines.com","date_of_birth":"2007-10-24T17:26:48Z","age":51,"country":"France","phone":"9558189503"},
{"id":46,"first_name":"Arlene","last_name":"Butchers","email":"abutchers19@techcrunch.com","date_of_birth":"1995-04-12T00:34:01Z","age":25,"country":"Indonesia","phone":"2787868929"},
{"id":47,"first_name":"Charlotta","last_name":"Drewitt","email":"cdrewitt1a@woothemes.com","date_of_birth":"1980-04-18T02:03:48Z","age":41,"country":"Portugal","phone":"2722428949"},
{"id":48,"first_name":"Clerkclaude","last_name":"Heaphy","email":"cheaphy1b@biglobe.ne.jp","date_of_birth":"1973-10-17T18:36:13Z","age":18,"country":"Philippines","phone":"5561047079"},
{"id":49,"first_name":"Eulalie","last_name":"Wardall","email":"ewardall1c@google.nl","date_of_birth":"1975-04-18T18:03:44Z","age":26,"country":"China","phone":"2334089155"},
{"id":50,"first_name":"Nady","last_name":"Tennet","email":"ntennet1d@naver.com","date_of_birth":"1990-11-14T23:57:22Z","age":50,"country":"Russia","phone":"6779813319"},
{"id":51,"first_name":"Jacenta","last_name":"Tesauro","email":"jtesauro1e@aboutads.info","date_of_birth":"2007-10-30T06:41:44Z","age":45,"country":"Sweden","phone":"9487970069"},
{"id":52,"first_name":"Barbra","last_name":"Rennolds","email":"brennolds1f@google.co.jp","date_of_birth":"1995-08-21T03:17:07Z","age":31,"country":"China","phone":"9247981506"},
{"id":53,"first_name":"Robinia","last_name":"Smidmoor","email":"rsmidmoor1g@businessweek.com","date_of_birth":"2011-02-19T20:11:55Z","age":38,"country":"Spain","phone":"1516108400"},
{"id":54,"first_name":"Denna","last_name":"Caig","email":"dcaig1h@unc.edu","date_of_birth":"2017-01-17T13:54:30Z","age":22,"country":"Finland","phone":"3884789280"},
{"id":55,"first_name":"Eben","last_name":"Bullers","email":"ebullers1i@about.com","date_of_birth":"1974-05-04T05:53:40Z","age":51,"country":"United States","phone":"9161874283"},
{"id":56,"first_name":"Cross","last_name":"Gaule","email":"cgaule1j@hhs.gov","date_of_birth":"2020-04-21T23:44:16Z","age":55,"country":"France","phone":"2509819138"},
{"id":57,"first_name":"Kaylee","last_name":"Hallock","email":"khallock1k@woothemes.com","date_of_birth":"2016-06-03T13:24:26Z","age":20,"country":"Indonesia","phone":"5473091100"},
{"id":58,"first_name":"Enrica","last_name":"Shapiro","email":"eshapiro1l@ycombinator.com","date_of_birth":"1982-02-10T09:23:00Z","age":51,"country":"Spain","phone":"5553577423"},
{"id":59,"first_name":"Mallory","last_name":"Lafoy","email":"mlafoy1m@jigsy.com","date_of_birth":"1999-04-19T06:14:49Z","age":30,"country":"Thailand","phone":"7101317706"},
{"id":60,"first_name":"Ertha","last_name":"Unitt","email":"eunitt1n@typepad.com","date_of_birth":"1996-05-25T07:05:16Z","age":25,"country":"Ukraine","phone":"4598609623"},
{"id":61,"first_name":"Coreen","last_name":"Antonucci","email":"cantonucci1o@networksolutions.com","date_of_birth":"2014-08-13T11:55:50Z","age":58,"country":"Sweden","phone":"8545130118"},
{"id":62,"first_name":"Boris","last_name":"Menloe","email":"bmenloe1p@studiopress.com","date_of_birth":"1980-03-23T23:48:13Z","age":41,"country":"Philippines","phone":"8405732520"},
{"id":63,"first_name":"Fionnula","last_name":"Farren","email":"ffarren1q@barnesandnoble.com","date_of_birth":"1983-08-05T06:34:47Z","age":56,"country":"France","phone":"6688769797"},
{"id":64,"first_name":"Tanney","last_name":"Tivnan","email":"ttivnan1r@skyrock.com","date_of_birth":"1984-06-16T21:44:05Z","age":50,"country":"Philippines","phone":"5601939233"},
{"id":65,"first_name":"El","last_name":"Grover","email":"egrover1s@sphinn.com","date_of_birth":"1971-04-30T17:34:16Z","age":23,"country":"Netherlands","phone":"5967061221"},
{"id":66,"first_name":"Rossie","last_name":"Barti","email":"rbarti1t@earthlink.net","date_of_birth":"1987-12-26T21:56:48Z","age":36,"country":"Brazil","phone":"9241249095"},
{"id":67,"first_name":"Murielle","last_name":"Rockliffe","email":"mrockliffe1u@about.com","date_of_birth":"1987-03-23T07:41:12Z","age":54,"country":"China","phone":"7117172393"},
{"id":68,"first_name":"Aimee","last_name":"Costelow","email":"acostelow1v@illinois.edu","date_of_birth":"2017-12-01T01:01:21Z","age":40,"country":"China","phone":"7722089417"},
{"id":69,"first_name":"Sabrina","last_name":"Castelyn","email":"scastelyn1w@utexas.edu","date_of_birth":"1973-02-11T04:23:40Z","age":32,"country":"Brazil","phone":"4905322342"},
{"id":70,"first_name":"Tiphani","last_name":"Obey","email":"tobey1x@howstuffworks.com","date_of_birth":"1992-11-23T05:35:20Z","age":40,"country":"Russia","phone":"7375982106"},
{"id":71,"first_name":"Katey","last_name":"Camsey","email":"kcamsey1y@vimeo.com","date_of_birth":"2002-12-22T23:09:53Z","age":32,"country":"China","phone":"4399510440"},
{"id":72,"first_name":"Conrad","last_name":"Winterbotham","email":"cwinterbotham1z@phpbb.com","date_of_birth":"2009-06-24T15:22:03Z","age":21,"country":"Paraguay","phone":"2228036863"},
{"id":73,"first_name":"Morissa","last_name":"Di Biasi","email":"mdibiasi20@edublogs.org","date_of_birth":"2017-07-29T01:33:17Z","age":27,"country":"Indonesia","phone":"5937585630"},
{"id":74,"first_name":"Cinnamon","last_name":"Langmaid","email":"clangmaid21@upenn.edu","date_of_birth":"2019-06-14T02:29:12Z","age":53,"country":"Slovenia","phone":"9468206822"},
{"id":75,"first_name":"Gibbie","last_name":"Aldwich","email":"galdwich22@mail.ru","date_of_birth":"1977-08-11T10:03:08Z","age":54,"country":"Philippines","phone":"4036235088"},
{"id":76,"first_name":"Bessy","last_name":"Peatman","email":"bpeatman23@census.gov","date_of_birth":"2004-08-30T20:44:26Z","age":57,"country":"Indonesia","phone":"9319169812"},
{"id":77,"first_name":"Jo-anne","last_name":"Southway","email":"jsouthway24@free.fr","date_of_birth":"1994-04-06T01:56:54Z","age":54,"country":"China","phone":"3917149752"},
{"id":78,"first_name":"Vanya","last_name":"MacCardle","email":"vmaccardle25@stanford.edu","date_of_birth":"1981-11-13T10:59:09Z","age":24,"country":"Greece","phone":"7565331018"},
{"id":79,"first_name":"Filia","last_name":"Evenett","email":"fevenett26@artisteer.com","date_of_birth":"2015-11-07T17:11:33Z","age":53,"country":"South Korea","phone":"7878737793"},
{"id":80,"first_name":"Annabal","last_name":"Yexley","email":"ayexley27@eventbrite.com","date_of_birth":"2017-01-10T05:18:12Z","age":35,"country":"Lesotho","phone":"9385297621"},
{"id":81,"first_name":"Nathaniel","last_name":"Illingworth","email":"nillingworth28@simplemachines.org","date_of_birth":"1979-12-22T05:07:06Z","age":52,"country":"Brazil","phone":"6231220343"},
{"id":82,"first_name":"Amalia","last_name":"Radcliffe","email":"aradcliffe29@jimdo.com","date_of_birth":"1986-04-24T00:51:51Z","age":46,"country":"Czech Republic","phone":"5027261137"},
{"id":83,"first_name":"Tatiania","last_name":"Snedden","email":"tsnedden2a@t-online.de","date_of_birth":"1984-09-22T01:27:06Z","age":24,"country":"Indonesia","phone":"2861223747"},
{"id":84,"first_name":"Gabbi","last_name":"Farish","email":"gfarish2b@prweb.com","date_of_birth":"1982-09-05T09:36:24Z","age":35,"country":"Portugal","phone":"2704688541"},
{"id":85,"first_name":"Teri","last_name":"Tetla","email":"ttetla2c@amazon.com","date_of_birth":"2007-02-12T16:07:55Z","age":37,"country":"China","phone":"7957327551"},
{"id":86,"first_name":"Tamera","last_name":"Snoddin","email":"tsnoddin2d@163.com","date_of_birth":"1983-06-27T01:18:09Z","age":32,"country":"Tunisia","phone":"8496306467"},
{"id":87,"first_name":"Ambrose","last_name":"Farnin","email":"afarnin2e@dot.gov","date_of_birth":"2020-11-07T13:32:35Z","age":50,"country":"Serbia","phone":"1344867341"},
{"id":88,"first_name":"Giavani","last_name":"Hammon","email":"ghammon2f@is.gd","date_of_birth":"1987-01-08T05:40:37Z","age":21,"country":"China","phone":"8395560531"},
{"id":89,"first_name":"Monica","last_name":"Bromilow","email":"mbromilow2g@zimbio.com","date_of_birth":"1971-06-05T01:14:33Z","age":19,"country":"Nepal","phone":"2029502772"},
{"id":90,"first_name":"Gill","last_name":"Brader","email":"gbrader2h@tamu.edu","date_of_birth":"1994-08-04T19:21:11Z","age":22,"country":"Albania","phone":"4153606646"},
{"id":91,"first_name":"Gwenore","last_name":"Muress","email":"gmuress2i@tinypic.com","date_of_birth":"1978-07-13T10:55:49Z","age":39,"country":"Brazil","phone":"7644102958"},
{"id":92,"first_name":"Nyssa","last_name":"Fitzgerald","email":"nfitzgerald2j@zimbio.com","date_of_birth":"1995-06-17T13:10:46Z","age":32,"country":"China","phone":"2823327559"},
{"id":93,"first_name":"Karie","last_name":"Bowell","email":"kbowell2k@toplist.cz","date_of_birth":"2013-09-25T16:14:26Z","age":45,"country":"Mexico","phone":"1623448947"},
{"id":94,"first_name":"Andrea","last_name":"Bertolaccini","email":"abertolaccini2l@imgur.com","date_of_birth":"2016-04-21T10:51:41Z","age":35,"country":"Jamaica","phone":"6322801992"},
{"id":95,"first_name":"Francklyn","last_name":"Hitcham","email":"fhitcham2m@mozilla.com","date_of_birth":"1996-06-03T06:45:21Z","age":58,"country":"South Korea","phone":"4031078853"},
{"id":96,"first_name":"Ingram","last_name":"Mattisssen","email":"imattisssen2n@mapy.cz","date_of_birth":"2015-08-20T03:50:14Z","age":29,"country":"China","phone":"1846322570"},
{"id":97,"first_name":"Gavrielle","last_name":"Wadly","email":"gwadly2o@github.io","date_of_birth":"2006-11-07T13:59:36Z","age":46,"country":"Indonesia","phone":"1989644530"},
{"id":98,"first_name":"Joleen","last_name":"Jager","email":"jjager2p@seattletimes.com","date_of_birth":"2001-10-09T08:56:28Z","age":44,"country":"Mexico","phone":"6762932902"},
{"id":99,"first_name":"Angela","last_name":"Bradbury","email":"abradbury2q@google.co.uk","date_of_birth":"1972-04-18T23:26:57Z","age":42,"country":"China","phone":"5458506916"},
{"id":100,"first_name":"Armando","last_name":"Gamwell","email":"agamwell2r@craigslist.org","date_of_birth":"1986-10-04T08:37:33Z","age":35,"country":"Portugal","phone":"5009643127"},
{"id":101,"first_name":"Pris","last_name":"Cherry","email":"pcherry2s@gnu.org","date_of_birth":"1982-09-27T22:42:41Z","age":48,"country":"Namibia","phone":"8414919490"},
{"id":102,"first_name":"Joaquin","last_name":"Rowsel","email":"jrowsel2t@who.int","date_of_birth":"1970-11-20T10:18:20Z","age":22,"country":"Ireland","phone":"9772635196"},
{"id":103,"first_name":"Estele","last_name":"Allsupp","email":"eallsupp2u@ed.gov","date_of_birth":"1987-05-12T23:48:41Z","age":41,"country":"France","phone":"1535005056"},
{"id":104,"first_name":"Giusto","last_name":"Shayes","email":"gshayes2v@mediafire.com","date_of_birth":"1982-06-18T22:31:14Z","age":28,"country":"Poland","phone":"4946975486"},
{"id":105,"first_name":"Adena","last_name":"Meese","email":"ameese2w@usatoday.com","date_of_birth":"2012-03-01T06:08:14Z","age":20,"country":"Panama","phone":"2277056497"},
{"id":106,"first_name":"Adara","last_name":"Delgardo","email":"adelgardo2x@forbes.com","date_of_birth":"1984-06-02T13:39:12Z","age":51,"country":"Sweden","phone":"7067996124"},
{"id":107,"first_name":"Lorinda","last_name":"Revening","email":"lrevening2y@sphinn.com","date_of_birth":"2004-03-19T17:17:55Z","age":51,"country":"Colombia","phone":"2727094340"},
{"id":108,"first_name":"Kamillah","last_name":"Aizikowitz","email":"kaizikowitz2z@bing.com","date_of_birth":"1976-06-06T01:42:33Z","age":42,"country":"Poland","phone":"4083707314"},
{"id":109,"first_name":"Freida","last_name":"Tassaker","email":"ftassaker30@dot.gov","date_of_birth":"2010-07-23T02:53:20Z","age":38,"country":"Philippines","phone":"1265306603"},
{"id":110,"first_name":"Nerti","last_name":"Marran","email":"nmarran31@cisco.com","date_of_birth":"1975-01-28T10:42:29Z","age":23,"country":"China","phone":"3119592454"},
{"id":111,"first_name":"Rebeka","last_name":"Cardozo","email":"rcardozo32@eventbrite.com","date_of_birth":"2018-06-29T11:02:30Z","age":49,"country":"New Zealand","phone":"2242268329"},
{"id":112,"first_name":"Christal","last_name":"McSkeagan","email":"cmcskeagan33@smugmug.com","date_of_birth":"2001-03-30T05:23:44Z","age":18,"country":"Estonia","phone":"2911772495"},
{"id":113,"first_name":"Bar","last_name":"Rosell","email":"brosell34@chicagotribune.com","date_of_birth":"2003-02-12T20:11:05Z","age":27,"country":"Venezuela","phone":"1507315086"},
{"id":114,"first_name":"Marmaduke","last_name":"Duinbleton","email":"mduinbleton35@homestead.com","date_of_birth":"2002-05-25T14:52:10Z","age":48,"country":"China","phone":"9418319250"},
{"id":115,"first_name":"Regina","last_name":"Merrgen","email":"rmerrgen36@blinklist.com","date_of_birth":"2020-01-21T08:06:06Z","age":53,"country":"Indonesia","phone":"3389788578"},
{"id":116,"first_name":"Loralie","last_name":"Booth","email":"lbooth37@ycombinator.com","date_of_birth":"1972-01-28T15:49:13Z","age":25,"country":"Papua New Guinea","phone":"9236444162"},
{"id":117,"first_name":"Dewie","last_name":"Goodey","email":"dgoodey38@auda.org.au","date_of_birth":"2019-07-22T10:15:24Z","age":28,"country":"China","phone":"5635920421"},
{"id":118,"first_name":"Bridget","last_name":"Dullaghan","email":"bdullaghan39@fema.gov","date_of_birth":"1988-11-10T18:16:49Z","age":21,"country":"China","phone":"7089694483"},
{"id":119,"first_name":"Abraham","last_name":"Lanktree","email":"alanktree3a@fotki.com","date_of_birth":"2018-03-05T05:19:01Z","age":31,"country":"Peru","phone":"6147007116"},
{"id":120,"first_name":"Zerk","last_name":"Dawidowitsch","email":"zdawidowitsch3b@newsvine.com","date_of_birth":"1992-05-13T07:20:08Z","age":34,"country":"Indonesia","phone":"8468995460"},
{"id":121,"first_name":"Washington","last_name":"Ernshaw","email":"wernshaw3c@ocn.ne.jp","date_of_birth":"1991-10-02T15:01:43Z","age":32,"country":"Indonesia","phone":"9412142371"},
{"id":122,"first_name":"Gardiner","last_name":"Yuryatin","email":"gyuryatin3d@jugem.jp","date_of_birth":"2017-06-07T04:51:44Z","age":42,"country":"Japan","phone":"6305520178"},
{"id":123,"first_name":"Adelaide","last_name":"Loan","email":"aloan3e@intel.com","date_of_birth":"2018-03-15T17:05:10Z","age":34,"country":"Yemen","phone":"3936081129"},
{"id":124,"first_name":"Iorgo","last_name":"Cregeen","email":"icregeen3f@home.pl","date_of_birth":"1991-05-30T09:12:03Z","age":56,"country":"Indonesia","phone":"5553046507"},
{"id":125,"first_name":"Rosy","last_name":"Lamblin","email":"rlamblin3g@yolasite.com","date_of_birth":"1984-03-31T14:48:48Z","age":53,"country":"Thailand","phone":"8541789994"},
{"id":126,"first_name":"Chickie","last_name":"Bote","email":"cbote3h@chicagotribune.com","date_of_birth":"2007-10-12T09:12:38Z","age":34,"country":"Myanmar","phone":"6333668616"},
{"id":127,"first_name":"Lonny","last_name":"Gallon","email":"lgallon3i@amazon.de","date_of_birth":"1973-09-02T18:19:38Z","age":51,"country":"Brazil","phone":"9099163255"},
{"id":128,"first_name":"Edee","last_name":"Pecey","email":"epecey3j@altervista.org","date_of_birth":"2003-03-16T14:10:15Z","age":35,"country":"Indonesia","phone":"5659410294"},
{"id":129,"first_name":"Kenton","last_name":"Crank","email":"kcrank3k@github.io","date_of_birth":"1979-12-11T16:26:39Z","age":48,"country":"China","phone":"2011002141"},
{"id":130,"first_name":"Lexi","last_name":"Medhurst","email":"lmedhurst3l@cbsnews.com","date_of_birth":"2019-10-08T11:00:46Z","age":41,"country":"Indonesia","phone":"8286953003"},
{"id":131,"first_name":"Aridatha","last_name":"Eberle","email":"aeberle3m@samsung.com","date_of_birth":"1971-06-01T18:08:43Z","age":46,"country":"Colombia","phone":"2311249782"},
{"id":132,"first_name":"Herta","last_name":"Whorlton","email":"hwhorlton3n@mayoclinic.com","date_of_birth":"1985-07-21T04:49:32Z","age":54,"country":"Russia","phone":"4496390465"},
{"id":133,"first_name":"Patsy","last_name":"MacDiarmond","email":"pmacdiarmond3o@parallels.com","date_of_birth":"1992-12-26T11:19:26Z","age":40,"country":"Canada","phone":"8917628135"},
{"id":134,"first_name":"Lauretta","last_name":"Forbear","email":"lforbear3p@abc.net.au","date_of_birth":"2002-02-05T17:18:22Z","age":39,"country":"Armenia","phone":"6896639705"},
{"id":135,"first_name":"Eugene","last_name":"Bertome","email":"ebertome3q@admin.ch","date_of_birth":"1993-02-22T08:14:54Z","age":40,"country":"China","phone":"3892323446"},
{"id":136,"first_name":"Ivonne","last_name":"Whenham","email":"iwhenham3r@walmart.com","date_of_birth":"2011-05-22T04:10:08Z","age":33,"country":"Spain","phone":"1376587852"},
{"id":137,"first_name":"Harmonie","last_name":"Osgood","email":"hosgood3s@deliciousdays.com","date_of_birth":"2007-07-16T23:37:50Z","age":37,"country":"Poland","phone":"9488020942"},
{"id":138,"first_name":"Darbee","last_name":"Alford","email":"dalford3t@sogou.com","date_of_birth":"2012-12-06T18:42:09Z","age":42,"country":"China","phone":"2002149330"},
{"id":139,"first_name":"Erv","last_name":"Litster","email":"elitster3u@newyorker.com","date_of_birth":"1986-12-25T18:21:58Z","age":58,"country":"Croatia","phone":"3325681994"},
{"id":140,"first_name":"Sylvan","last_name":"Sherwen","email":"ssherwen3v@sourceforge.net","date_of_birth":"1998-11-16T01:43:31Z","age":22,"country":"Ukraine","phone":"2533360615"},
{"id":141,"first_name":"Padraig","last_name":"Ebbles","email":"pebbles3w@soundcloud.com","date_of_birth":"1988-12-30T01:12:45Z","age":49,"country":"Poland","phone":"2413937587"},
{"id":142,"first_name":"Chev","last_name":"Duester","email":"cduester3x@squidoo.com","date_of_birth":"1981-10-22T01:19:35Z","age":23,"country":"Aruba","phone":"1463466897"},
{"id":143,"first_name":"Shana","last_name":"Eadmeads","email":"seadmeads3y@howstuffworks.com","date_of_birth":"2012-06-18T07:02:32Z","age":49,"country":"Sweden","phone":"8167815403"},
{"id":144,"first_name":"Elyssa","last_name":"Alven","email":"ealven3z@yandex.ru","date_of_birth":"1977-10-22T19:23:02Z","age":55,"country":"Portugal","phone":"5057131893"},
{"id":145,"first_name":"Hill","last_name":"Kleiser","email":"hkleiser40@illinois.edu","date_of_birth":"1978-02-03T07:40:03Z","age":45,"country":"China","phone":"4836287578"},
{"id":146,"first_name":"Curcio","last_name":"Whapham","email":"cwhapham41@sitemeter.com","date_of_birth":"2002-02-14T06:17:17Z","age":49,"country":"Philippines","phone":"3534344178"},
{"id":147,"first_name":"Nickolas","last_name":"Brookton","email":"nbrookton42@mayoclinic.com","date_of_birth":"1994-11-29T08:13:52Z","age":32,"country":"Indonesia","phone":"5205872925"},
{"id":148,"first_name":"Tobe","last_name":"Ledger","email":"tledger43@usda.gov","date_of_birth":"2008-06-30T18:50:31Z","age":25,"country":"Poland","phone":"1338330507"},
{"id":149,"first_name":"Sissie","last_name":"Jimpson","email":"sjimpson44@eventbrite.com","date_of_birth":"1994-09-29T00:28:11Z","age":48,"country":"Portugal","phone":"9217760044"},
{"id":150,"first_name":"Matti","last_name":"Caulder","email":"mcaulder45@cdc.gov","date_of_birth":"1975-11-22T00:56:42Z","age":48,"country":"Iran","phone":"1271314383"},
{"id":151,"first_name":"Patrizia","last_name":"Lamar","email":"plamar46@free.fr","date_of_birth":"2003-07-17T13:50:57Z","age":37,"country":"China","phone":"6506423213"},
{"id":152,"first_name":"Livvy","last_name":"Wilflinger","email":"lwilflinger47@ted.com","date_of_birth":"2011-01-07T14:25:26Z","age":24,"country":"Nepal","phone":"4709557853"},
{"id":153,"first_name":"Vinni","last_name":"Shotton","email":"vshotton48@fc2.com","date_of_birth":"2009-02-01T20:53:42Z","age":42,"country":"Bosnia and Herzegovina","phone":"4806717118"},
{"id":154,"first_name":"Brinn","last_name":"Pandie","email":"bpandie49@dropbox.com","date_of_birth":"1987-02-07T10:08:29Z","age":26,"country":"United States","phone":"6505948404"},
{"id":155,"first_name":"Egan","last_name":"Bennie","email":"ebennie4a@java.com","date_of_birth":"2010-09-18T08:08:32Z","age":28,"country":"Ireland","phone":"7318377248"},
{"id":156,"first_name":"Ludovico","last_name":"Aimer","email":"laimer4b@mit.edu","date_of_birth":"2018-01-14T09:57:12Z","age":41,"country":"Portugal","phone":"5492025384"},
{"id":157,"first_name":"Gordan","last_name":"Poleykett","email":"gpoleykett4c@angelfire.com","date_of_birth":"1985-10-12T18:42:31Z","age":19,"country":"Cuba","phone":"7126537147"},
{"id":158,"first_name":"Tomlin","last_name":"Belch","email":"tbelch4d@ca.gov","date_of_birth":"1996-02-25T17:47:34Z","age":22,"country":"Indonesia","phone":"2316248206"},
{"id":159,"first_name":"Janie","last_name":"Spacy","email":"jspacy4e@dell.com","date_of_birth":"1989-12-05T10:00:56Z","age":57,"country":"China","phone":"6104038789"},
{"id":160,"first_name":"Gib","last_name":"Willshire","email":"gwillshire4f@cpanel.net","date_of_birth":"1999-12-28T18:00:04Z","age":22,"country":"Uganda","phone":"1837143509"},
{"id":161,"first_name":"Norris","last_name":"Gaunt","email":"ngaunt4g@ezinearticles.com","date_of_birth":"1980-05-30T10:06:54Z","age":31,"country":"Brazil","phone":"6167261600"},
{"id":162,"first_name":"Loella","last_name":"Harriday","email":"lharriday4h@japanpost.jp","date_of_birth":"1988-03-04T19:16:19Z","age":27,"country":"Russia","phone":"6002415430"},
{"id":163,"first_name":"Madelina","last_name":"Clery","email":"mclery4i@liveinternet.ru","date_of_birth":"1980-11-08T07:54:36Z","age":26,"country":"Canada","phone":"3983485235"},
{"id":164,"first_name":"Lynnet","last_name":"Stabbins","email":"lstabbins4j@tripadvisor.com","date_of_birth":"1996-04-23T20:38:30Z","age":40,"country":"Russia","phone":"1086846350"},
{"id":165,"first_name":"Vanna","last_name":"Rottcher","email":"vrottcher4k@dedecms.com","date_of_birth":"1984-01-03T19:39:12Z","age":30,"country":"Russia","phone":"9262510335"},
{"id":166,"first_name":"Shelby","last_name":"Ridulfo","email":"sridulfo4l@liveinternet.ru","date_of_birth":"1989-03-21T07:32:27Z","age":28,"country":"France","phone":"1061311049"},
{"id":167,"first_name":"Aleen","last_name":"Bastide","email":"abastide4m@friendfeed.com","date_of_birth":"2010-12-30T02:19:37Z","age":49,"country":"China","phone":"4105704234"},
{"id":168,"first_name":"Nealson","last_name":"Obern","email":"nobern4n@vkontakte.ru","date_of_birth":"1986-06-19T09:48:53Z","age":31,"country":"Russia","phone":"6655643489"},
{"id":169,"first_name":"Lazarus","last_name":"Markham","email":"lmarkham4o@pagesperso-orange.fr","date_of_birth":"1976-06-11T03:50:12Z","age":49,"country":"Afghanistan","phone":"1823691929"},
{"id":170,"first_name":"Brit","last_name":"Francescuzzi","email":"bfrancescuzzi4p@blogger.com","date_of_birth":"1979-06-07T10:43:59Z","age":33,"country":"China","phone":"1231722420"},
{"id":171,"first_name":"Belvia","last_name":"Hansard","email":"bhansard4q@huffingtonpost.com","date_of_birth":"1999-02-18T13:37:49Z","age":45,"country":"Pakistan","phone":"8409032646"},
{"id":172,"first_name":"Leelah","last_name":"Pogson","email":"lpogson4r@edublogs.org","date_of_birth":"1983-06-09T02:07:52Z","age":18,"country":"United States","phone":"6827781327"},
{"id":173,"first_name":"Zebadiah","last_name":"Agneau","email":"zagneau4s@ycombinator.com","date_of_birth":"2000-11-20T00:37:17Z","age":41,"country":"China","phone":"8956228821"},
{"id":174,"first_name":"Rasia","last_name":"Ould","email":"rould4t@thetimes.co.uk","date_of_birth":"1981-03-15T11:50:21Z","age":49,"country":"Mongolia","phone":"1808473043"},
{"id":175,"first_name":"Valera","last_name":"Maudlen","email":"vmaudlen4u@businesswire.com","date_of_birth":"2010-10-31T10:58:06Z","age":19,"country":"Czech Republic","phone":"3304562535"},
{"id":176,"first_name":"Sheppard","last_name":"Pailin","email":"spailin4v@slate.com","date_of_birth":"2018-11-12T14:20:42Z","age":48,"country":"Indonesia","phone":"6237167745"},
{"id":177,"first_name":"Towny","last_name":"Richemont","email":"trichemont4w@senate.gov","date_of_birth":"2001-10-20T17:38:15Z","age":36,"country":"Philippines","phone":"3516995104"},
{"id":178,"first_name":"Tanney","last_name":"Drugan","email":"tdrugan4x@liveinternet.ru","date_of_birth":"1989-06-01T04:47:47Z","age":41,"country":"Nigeria","phone":"6213331197"},
{"id":179,"first_name":"Seth","last_name":"Icke","email":"sicke4y@digg.com","date_of_birth":"1972-01-26T09:36:36Z","age":33,"country":"Indonesia","phone":"5299499920"},
{"id":180,"first_name":"Bradney","last_name":"Ecclestone","email":"becclestone4z@businesswire.com","date_of_birth":"1987-01-20T13:06:56Z","age":52,"country":"Morocco","phone":"2069385455"},
{"id":181,"first_name":"Court","last_name":"Tanton","email":"ctanton50@eepurl.com","date_of_birth":"2019-07-31T14:20:20Z","age":36,"country":"Russia","phone":"1586851279"},
{"id":182,"first_name":"Cordelie","last_name":"Cuschieri","email":"ccuschieri51@berkeley.edu","date_of_birth":"2010-01-30T22:28:02Z","age":40,"country":"Colombia","phone":"7641295440"},
{"id":183,"first_name":"Orelie","last_name":"Crace","email":"ocrace52@phpbb.com","date_of_birth":"1985-07-21T03:19:29Z","age":39,"country":"Portugal","phone":"7139699857"},
{"id":184,"first_name":"Claiborn","last_name":"Scrancher","email":"cscrancher53@blog.com","date_of_birth":"2004-07-21T23:06:46Z","age":36,"country":"United States","phone":"9137543794"},
{"id":185,"first_name":"Pia","last_name":"Halksworth","email":"phalksworth54@freewebs.com","date_of_birth":"1977-03-09T16:56:41Z","age":56,"country":"Philippines","phone":"8656631648"},
{"id":186,"first_name":"Pepillo","last_name":"Cheson","email":"pcheson55@si.edu","date_of_birth":"1976-10-27T03:05:52Z","age":48,"country":"China","phone":"4402266862"},
{"id":187,"first_name":"Katharina","last_name":"Ballinger","email":"kballinger56@gravatar.com","date_of_birth":"1991-07-31T07:44:36Z","age":54,"country":"Bosnia and Herzegovina","phone":"4173336376"},
{"id":188,"first_name":"Byron","last_name":"Milazzo","email":"bmilazzo57@reverbnation.com","date_of_birth":"2013-10-21T18:22:46Z","age":35,"country":"Russia","phone":"8335333929"},
{"id":189,"first_name":"Teodoro","last_name":"Ambrogioni","email":"tambrogioni58@cocolog-nifty.com","date_of_birth":"2020-07-25T14:53:04Z","age":42,"country":"Mauritius","phone":"8433836395"},
{"id":190,"first_name":"Walt","last_name":"Ream","email":"wream59@wikimedia.org","date_of_birth":"1977-04-12T23:04:44Z","age":23,"country":"China","phone":"6699953584"},
{"id":191,"first_name":"Hedvige","last_name":"Saipy","email":"hsaipy5a@sciencedaily.com","date_of_birth":"1977-09-03T01:30:44Z","age":56,"country":"Iraq","phone":"9518444704"},
{"id":192,"first_name":"Katherine","last_name":"Godain","email":"kgodain5b@tripadvisor.com","date_of_birth":"1975-02-11T14:56:30Z","age":54,"country":"Philippines","phone":"2064627038"},
{"id":193,"first_name":"Jackson","last_name":"Aubin","email":"jaubin5c@amazonaws.com","date_of_birth":"1978-10-11T09:58:44Z","age":42,"country":"Malaysia","phone":"3389569933"},
{"id":194,"first_name":"Shaylah","last_name":"Whytock","email":"swhytock5d@apache.org","date_of_birth":"1974-04-01T01:40:13Z","age":34,"country":"Indonesia","phone":"4352574202"},
{"id":195,"first_name":"Farleigh","last_name":"Hover","email":"fhover5e@csmonitor.com","date_of_birth":"2005-03-24T00:21:49Z","age":49,"country":"Indonesia","phone":"8215740663"},
{"id":196,"first_name":"Arlyne","last_name":"McNysche","email":"amcnysche5f@ucoz.com","date_of_birth":"1987-10-17T09:23:25Z","age":55,"country":"Vietnam","phone":"2419621200"},
{"id":197,"first_name":"Janith","last_name":"Pittendreigh","email":"jpittendreigh5g@indiegogo.com","date_of_birth":"2005-07-23T10:35:47Z","age":53,"country":"Mexico","phone":"7916915367"},
{"id":198,"first_name":"Zak","last_name":"Seeman","email":"zseeman5h@harvard.edu","date_of_birth":"2000-10-05T15:30:45Z","age":41,"country":"Portugal","phone":"8005321847"},
{"id":199,"first_name":"Maxy","last_name":"Greave","email":"mgreave5i@omniture.com","date_of_birth":"1971-11-14T21:48:39Z","age":58,"country":"United States","phone":"2391105337"},
{"id":200,"first_name":"Harrison","last_name":"Bradd","email":"hbradd5j@ucla.edu","date_of_birth":"1991-10-14T03:57:01Z","age":24,"country":"China","phone":"3609154552"}]