[{"id":1,"first_name":"Brittan","last_name":"Crayker"},
    {"id":2,"first_name":"Susette","last_name":"Bithany"},
    {"id":3,"first_name":"Ardelia","last_name":"Chadwell"},
    {"id":4,"first_name":"Cristobal","last_name":"Abramin"},
    {"id":5,"first_name":"Gail","last_name":"Vanyutin"},
    {"id":6,"first_name":"Tadeo","last_name":"Stachini"},
    {"id":7,"first_name":"Almira","last_name":"Zebedee"},
    {"id":8,"first_name":"Hogan","last_name":"Parren"},
    {"id":9,"first_name":"Rosamund","last_name":"Swales"},
    {"id":10,"first_name":"Eden","last_name":"Rhoades"},
    {"id":11,"first_name":"Marielle","last_name":"Santos"},
    {"id":12,"first_name":"Goldina","last_name":"Noot"},
    {"id":13,"first_name":"Laurent","last_name":"Dodimead"},
    {"id":14,"first_name":"Clari","last_name":"Bortoli"},
    {"id":15,"first_name":"Marley","last_name":"Beynkn"},
    {"id":16,"first_name":"Bendick","last_name":"Campany"},
    {"id":17,"first_name":"Dollie","last_name":"Castiblanco"},
    {"id":18,"first_name":"Lila","last_name":"Caswill"},
    {"id":19,"first_name":"Cyndia","last_name":"Jenoure"},
    {"id":20,"first_name":"Sauncho","last_name":"Alenichicov"},
    {"id":21,"first_name":"Jessie","last_name":"Obeney"},
    {"id":22,"first_name":"Bald","last_name":"Juanes"},
    {"id":23,"first_name":"Nickolai","last_name":"Filyashin"},
    {"id":24,"first_name":"Toiboid","last_name":"Vasentsov"},
    {"id":25,"first_name":"Adela","last_name":"Chapple"},
    {"id":26,"first_name":"Bat","last_name":"Glazier"},
    {"id":27,"first_name":"Drusy","last_name":"Perkins"},
    {"id":28,"first_name":"Lanette","last_name":"Mattheeuw"},
    {"id":29,"first_name":"Vivianna","last_name":"Rosettini"},
    {"id":30,"first_name":"Amara","last_name":"Moakson"},
    {"id":31,"first_name":"Philipa","last_name":"McBratney"},
    {"id":32,"first_name":"Tiffi","last_name":"Franchyonok"},
    {"id":33,"first_name":"Tate","last_name":"Doles"},
    {"id":34,"first_name":"Lucilia","last_name":"Stelljes"},
    {"id":35,"first_name":"Melinde","last_name":"Shippey"},
    {"id":36,"first_name":"Georgeta","last_name":"Dyka"},
    {"id":37,"first_name":"Ivie","last_name":"Beedell"},
    {"id":38,"first_name":"Jolee","last_name":"Rait"},
    {"id":39,"first_name":"Westley","last_name":"Vauls"},
    {"id":40,"first_name":"Briano","last_name":"Windous"},
    {"id":41,"first_name":"Grove","last_name":"Dargie"},
    {"id":42,"first_name":"Pepita","last_name":"Napoleon"},
    {"id":43,"first_name":"Trstram","last_name":"Glowacz"},
    {"id":44,"first_name":"Cecile","last_name":"Propper"},
    {"id":45,"first_name":"Tana","last_name":"Leatt"},
    {"id":46,"first_name":"Ainslie","last_name":"Grimstead"},
    {"id":47,"first_name":"Bernardina","last_name":"Honisch"},
    {"id":48,"first_name":"Jeanine","last_name":"Desmond"},
    {"id":49,"first_name":"Nealson","last_name":"McGoogan"},
    {"id":50,"first_name":"Philly","last_name":"Fellgatt"},
    {"id":51,"first_name":"Hank","last_name":"Ovey"},
    {"id":52,"first_name":"Luella","last_name":"Malamore"},
    {"id":53,"first_name":"Kelby","last_name":"Pretsell"},
    {"id":54,"first_name":"Thor","last_name":"Zold"},
    {"id":55,"first_name":"Noak","last_name":"Nanninini"},
    {"id":56,"first_name":"Rhona","last_name":"Lunnon"},
    {"id":57,"first_name":"Geralda","last_name":"Organ"},
    {"id":58,"first_name":"Sosanna","last_name":"Stokey"},
    {"id":59,"first_name":"Vivianna","last_name":"McLaggan"},
    {"id":60,"first_name":"Gui","last_name":"McSharry"},
    {"id":61,"first_name":"Marshall","last_name":"Mullins"},
    {"id":62,"first_name":"Chadd","last_name":"Tours"},
    {"id":63,"first_name":"Madalyn","last_name":"Dalla"},
    {"id":64,"first_name":"Kyla","last_name":"O'Sheerin"},
    {"id":65,"first_name":"Tine","last_name":"Dahmel"},
    {"id":66,"first_name":"Scottie","last_name":"Labuschagne"},
    {"id":67,"first_name":"Ingra","last_name":"Dilkes"},
    {"id":68,"first_name":"Gilbertine","last_name":"Nattrass"},
    {"id":69,"first_name":"Faye","last_name":"Bartolomeo"},
    {"id":70,"first_name":"Andra","last_name":"Bernardelli"},
    {"id":71,"first_name":"Brigitte","last_name":"Heningham"},
    {"id":72,"first_name":"Tybalt","last_name":"Duplain"},
    {"id":73,"first_name":"Mirilla","last_name":"Govey"},
    {"id":74,"first_name":"Pierette","last_name":"Jaray"},
    {"id":75,"first_name":"Angelika","last_name":"Pasley"},
    {"id":76,"first_name":"Katti","last_name":"Berrecloth"},
    {"id":77,"first_name":"Martina","last_name":"Kendell"},
    {"id":78,"first_name":"Lynne","last_name":"Goucher"},
    {"id":79,"first_name":"Lethia","last_name":"Grombridge"},
    {"id":80,"first_name":"Trever","last_name":"Radden"},
    {"id":81,"first_name":"Ruddie","last_name":"Seymer"},
    {"id":82,"first_name":"Ingaberg","last_name":"Hawton"},
    {"id":83,"first_name":"Siward","last_name":"Priddy"},
    {"id":84,"first_name":"Caryl","last_name":"Ganley"},
    {"id":85,"first_name":"Paxon","last_name":"Chaperling"},
    {"id":86,"first_name":"Raquela","last_name":"Ahmed"},
    {"id":87,"first_name":"Pebrook","last_name":"Crocken"},
    {"id":88,"first_name":"Garth","last_name":"Snuggs"},
    {"id":89,"first_name":"Junie","last_name":"Fawloe"},
    {"id":90,"first_name":"Zack","last_name":"Snewin"},
    {"id":91,"first_name":"Bev","last_name":"Franklyn"},
    {"id":92,"first_name":"Bogart","last_name":"Shippam"},
    {"id":93,"first_name":"Tedda","last_name":"Soames"},
    {"id":94,"first_name":"Marci","last_name":"Edmondson"},
    {"id":95,"first_name":"Tildy","last_name":"Talboy"},
    {"id":96,"first_name":"Piper","last_name":"Sincock"},
    {"id":97,"first_name":"Iver","last_name":"Palffy"},
    {"id":98,"first_name":"Delcina","last_name":"Brotherwood"},
    {"id":99,"first_name":"Elmo","last_name":"Chase"},
    {"id":100,"first_name":"Kylie","last_name":"Leaburn"},
    {"id":101,"first_name":"Alma","last_name":"Mattioli"},
    {"id":102,"first_name":"Kenny","last_name":"Lozano"},
    {"id":103,"first_name":"Izzy","last_name":"Braden"},
    {"id":104,"first_name":"Clem","last_name":"Vannah"},
    {"id":105,"first_name":"Myranda","last_name":"Ledwich"},
    {"id":106,"first_name":"Rana","last_name":"Gadault"},
    {"id":107,"first_name":"Nadine","last_name":"Danhel"},
    {"id":108,"first_name":"Consalve","last_name":"Tolomei"},
    {"id":109,"first_name":"Darell","last_name":"Nottingam"},
    {"id":110,"first_name":"Elsa","last_name":"Pionter"},
    {"id":111,"first_name":"Cleon","last_name":"Tingey"},
    {"id":112,"first_name":"Karlen","last_name":"Rhodef"},
    {"id":113,"first_name":"Janeta","last_name":"Cracknell"},
    {"id":114,"first_name":"Moll","last_name":"Gandrich"},
    {"id":115,"first_name":"Harriot","last_name":"Gibby"},
    {"id":116,"first_name":"Bertie","last_name":"Oakeshott"},
    {"id":117,"first_name":"Albrecht","last_name":"Keal"},
    {"id":118,"first_name":"Emanuele","last_name":"Plaistowe"},
    {"id":119,"first_name":"Horton","last_name":"Lawles"},
    {"id":120,"first_name":"Gweneth","last_name":"Kienl"},
    {"id":121,"first_name":"Valaria","last_name":"Wands"},
    {"id":122,"first_name":"Morgan","last_name":"Abrahamovitz"},
    {"id":123,"first_name":"Konstantine","last_name":"Rossbrooke"},
    {"id":124,"first_name":"Corbin","last_name":"Doerrling"},
    {"id":125,"first_name":"Stella","last_name":"Fryd"},
    {"id":126,"first_name":"Adolphus","last_name":"Possell"},
    {"id":127,"first_name":"Silvio","last_name":"Cragg"},
    {"id":128,"first_name":"Mordecai","last_name":"Dinning"},
    {"id":129,"first_name":"Alleyn","last_name":"Howorth"},
    {"id":130,"first_name":"Lynnelle","last_name":"Seaborne"},
    {"id":131,"first_name":"Carena","last_name":"Joslow"},
    {"id":132,"first_name":"Amory","last_name":"Wallwork"},
    {"id":133,"first_name":"Julius","last_name":"Kelwaybamber"},
    {"id":134,"first_name":"Ebony","last_name":"Gounin"},
    {"id":135,"first_name":"Kary","last_name":"Evers"},
    {"id":136,"first_name":"Holly","last_name":"Stonnell"},
    {"id":137,"first_name":"Trix","last_name":"Biggar"},
    {"id":138,"first_name":"Ceil","last_name":"Bowcock"},
    {"id":139,"first_name":"Itch","last_name":"Joinsey"},
    {"id":140,"first_name":"Raffaello","last_name":"Whittles"},
    {"id":141,"first_name":"Rossie","last_name":"Shirland"},
    {"id":142,"first_name":"Celisse","last_name":"Duffit"},
    {"id":143,"first_name":"Graehme","last_name":"Vasyutichev"},
    {"id":144,"first_name":"Fan","last_name":"Fry"},
    {"id":145,"first_name":"Lynea","last_name":"Vasyukhnov"},
    {"id":146,"first_name":"Kristina","last_name":"Maasz"},
    {"id":147,"first_name":"Dorian","last_name":"Boyan"},
    {"id":148,"first_name":"Yolane","last_name":"Bebis"},
    {"id":149,"first_name":"Laural","last_name":"Ethelston"},
    {"id":150,"first_name":"Bianca","last_name":"Shobrook"},
    {"id":151,"first_name":"Jan","last_name":"Syfax"},
    {"id":152,"first_name":"Vera","last_name":"Pristnor"},
    {"id":153,"first_name":"Micheil","last_name":"Rowston"},
    {"id":154,"first_name":"Shadow","last_name":"O' Flaherty"},
    {"id":155,"first_name":"Lyon","last_name":"Chedzoy"},
    {"id":156,"first_name":"Rutherford","last_name":"Labusquiere"},
    {"id":157,"first_name":"Tobe","last_name":"Paulou"},
    {"id":158,"first_name":"Valaria","last_name":"Gleasane"},
    {"id":159,"first_name":"Desmund","last_name":"Mustard"},
    {"id":160,"first_name":"Raynell","last_name":"Brachell"},
    {"id":161,"first_name":"Brenna","last_name":"Benkin"},
    {"id":162,"first_name":"Dilly","last_name":"Curner"},
    {"id":163,"first_name":"Layne","last_name":"McMurraya"},
    {"id":164,"first_name":"Mercedes","last_name":"Mccaull"},
    {"id":165,"first_name":"Bengt","last_name":"Iannello"},
    {"id":166,"first_name":"Derek","last_name":"Gubbins"},
    {"id":167,"first_name":"Sandi","last_name":"Timbs"},
    {"id":168,"first_name":"Corenda","last_name":"Behan"},
    {"id":169,"first_name":"Taddeo","last_name":"Etteridge"},
    {"id":170,"first_name":"Grata","last_name":"Guiso"},
    {"id":171,"first_name":"Anjela","last_name":"Joseland"},
    {"id":172,"first_name":"Gerek","last_name":"Spanswick"},
    {"id":173,"first_name":"Wendi","last_name":"Damerell"},
    {"id":174,"first_name":"Dorice","last_name":"Deaton"},
    {"id":175,"first_name":"Alexandrina","last_name":"Yetts"},
    {"id":176,"first_name":"Marita","last_name":"Flello"},
    {"id":177,"first_name":"Farrel","last_name":"Paynes"},
    {"id":178,"first_name":"Fidelity","last_name":"Litt"},
    {"id":179,"first_name":"Knox","last_name":"Reihm"},
    {"id":180,"first_name":"Emeline","last_name":"Pawlowicz"},
    {"id":181,"first_name":"Norine","last_name":"Tukely"},
    {"id":182,"first_name":"Belvia","last_name":"Ogilvie"},
    {"id":183,"first_name":"Deane","last_name":"Knowler"},
    {"id":184,"first_name":"Adriaens","last_name":"Lasseter"},
    {"id":185,"first_name":"Domenico","last_name":"Prose"},
    {"id":186,"first_name":"Mattheus","last_name":"Tustin"},
    {"id":187,"first_name":"Renae","last_name":"Standing"},
    {"id":188,"first_name":"Ysabel","last_name":"Crooke"},
    {"id":189,"first_name":"Donny","last_name":"Osmond"},
    {"id":190,"first_name":"Thebault","last_name":"Pund"},
    {"id":191,"first_name":"Gabrila","last_name":"Nottle"},
    {"id":192,"first_name":"Ware","last_name":"Sharples"},
    {"id":193,"first_name":"Zia","last_name":"Gimlet"},
    {"id":194,"first_name":"Norina","last_name":"Bitten"},
    {"id":195,"first_name":"Dot","last_name":"Bootyman"},
    {"id":196,"first_name":"Chery","last_name":"Caneo"},
    {"id":197,"first_name":"Wilbert","last_name":"Haggidon"},
    {"id":198,"first_name":"Siana","last_name":"Kingzet"},
    {"id":199,"first_name":"Janette","last_name":"Janousek"},
    {"id":200,"first_name":"Fredericka","last_name":"Bardnam"},
    {"id":201,"first_name":"Rafaela","last_name":"Ardy"},
    {"id":202,"first_name":"Bruis","last_name":"Dufore"},
    {"id":203,"first_name":"Glynn","last_name":"Wonham"},
    {"id":204,"first_name":"Norry","last_name":"Littleproud"},
    {"id":205,"first_name":"Ring","last_name":"Casebourne"},
    {"id":206,"first_name":"Ernesta","last_name":"Westley"},
    {"id":207,"first_name":"Clementine","last_name":"Mairs"},
    {"id":208,"first_name":"Neysa","last_name":"Guilleton"},
    {"id":209,"first_name":"Guenna","last_name":"Grass"},
    {"id":210,"first_name":"Nessie","last_name":"Petty"},
    {"id":211,"first_name":"Maighdiln","last_name":"Walkden"},
    {"id":212,"first_name":"Almeda","last_name":"Skudder"},
    {"id":213,"first_name":"Lynnell","last_name":"Beecham"},
    {"id":214,"first_name":"Belle","last_name":"Joannet"},
    {"id":215,"first_name":"Lolly","last_name":"Poyner"},
    {"id":216,"first_name":"Athena","last_name":"Fountain"},
    {"id":217,"first_name":"Trever","last_name":"Kearey"},
    {"id":218,"first_name":"Garreth","last_name":"Capron"},
    {"id":219,"first_name":"Shelley","last_name":"Stickells"},
    {"id":220,"first_name":"Marrissa","last_name":"Ollerton"},
    {"id":221,"first_name":"Gamaliel","last_name":"Klicher"},
    {"id":222,"first_name":"Franny","last_name":"Callum"},
    {"id":223,"first_name":"Berkley","last_name":"Coales"},
    {"id":224,"first_name":"Sapphira","last_name":"McFetridge"},
    {"id":225,"first_name":"Ingemar","last_name":"Kolakovic"},
    {"id":226,"first_name":"Tucky","last_name":"Gash"},
    {"id":227,"first_name":"Nicoline","last_name":"Deyes"},
    {"id":228,"first_name":"Siegfried","last_name":"Lilywhite"},
    {"id":229,"first_name":"Jasmina","last_name":"Vibert"},
    {"id":230,"first_name":"Darby","last_name":"Boate"},
    {"id":231,"first_name":"Merle","last_name":"Geroldi"},
    {"id":232,"first_name":"Mycah","last_name":"Bryenton"},
    {"id":233,"first_name":"Emmalyn","last_name":"Maulden"},
    {"id":234,"first_name":"Dru","last_name":"Fain"},
    {"id":235,"first_name":"Melony","last_name":"Bredee"},
    {"id":236,"first_name":"Manny","last_name":"Sherborne"},
    {"id":237,"first_name":"Marta","last_name":"Conahy"},
    {"id":238,"first_name":"Frederick","last_name":"Huikerby"},
    {"id":239,"first_name":"Welby","last_name":"Dayment"},
    {"id":240,"first_name":"Rolph","last_name":"Bashford"},
    {"id":241,"first_name":"Hunfredo","last_name":"Caughtry"},
    {"id":242,"first_name":"Johannes","last_name":"Vanyukhin"},
    {"id":243,"first_name":"Roma","last_name":"Standering"},
    {"id":244,"first_name":"Papagena","last_name":"Doole"},
    {"id":245,"first_name":"Prince","last_name":"Baile"},
    {"id":246,"first_name":"Arielle","last_name":"Nolder"},
    {"id":247,"first_name":"Osbert","last_name":"Ludgrove"},
    {"id":248,"first_name":"Nissie","last_name":"Ewington"},
    {"id":249,"first_name":"Margot","last_name":"Vardey"},
    {"id":250,"first_name":"Jacob","last_name":"Shoreman"},
    {"id":251,"first_name":"Sloane","last_name":"Phaup"},
    {"id":252,"first_name":"Nickolas","last_name":"Scougall"},
    {"id":253,"first_name":"Erda","last_name":"Danilishin"},
    {"id":254,"first_name":"Alvira","last_name":"Barnsdall"},
    {"id":255,"first_name":"Wini","last_name":"Burke"},
    {"id":256,"first_name":"Mignon","last_name":"Hinemoor"},
    {"id":257,"first_name":"Kennett","last_name":"De Cleen"},
    {"id":258,"first_name":"Gusella","last_name":"Ganforth"},
    {"id":259,"first_name":"Leontyne","last_name":"Korneichik"},
    {"id":260,"first_name":"Neville","last_name":"Davidofski"},
    {"id":261,"first_name":"Caryl","last_name":"Freeborn"},
    {"id":262,"first_name":"Merell","last_name":"Dubarry"},
    {"id":263,"first_name":"Nichols","last_name":"Cherm"},
    {"id":264,"first_name":"Pattin","last_name":"Sancias"},
    {"id":265,"first_name":"Jelene","last_name":"Meenan"},
    {"id":266,"first_name":"Trenton","last_name":"Olyonov"},
    {"id":267,"first_name":"Kaiser","last_name":"Mailey"},
    {"id":268,"first_name":"Britney","last_name":"Championnet"},
    {"id":269,"first_name":"Marillin","last_name":"Bahls"},
    {"id":270,"first_name":"Pincas","last_name":"Heelis"},
    {"id":271,"first_name":"Felicity","last_name":"Easterby"},
    {"id":272,"first_name":"Rolland","last_name":"Rapport"},
    {"id":273,"first_name":"Brook","last_name":"De Laci"},
    {"id":274,"first_name":"Alister","last_name":"Pietrowski"},
    {"id":275,"first_name":"Oriana","last_name":"McQuirk"},
    {"id":276,"first_name":"Huntlee","last_name":"Maplethorpe"},
    {"id":277,"first_name":"Ruperto","last_name":"Peacham"},
    {"id":278,"first_name":"Aldon","last_name":"Conerding"},
    {"id":279,"first_name":"Elysia","last_name":"Baynton"},
    {"id":280,"first_name":"Pammie","last_name":"Deveral"},
    {"id":281,"first_name":"Ethe","last_name":"Stoggell"},
    {"id":282,"first_name":"Henrik","last_name":"Beldham"},
    {"id":283,"first_name":"Cosme","last_name":"Pizer"},
    {"id":284,"first_name":"Oliver","last_name":"Jaslem"},
    {"id":285,"first_name":"Minne","last_name":"Grinikhin"},
    {"id":286,"first_name":"Katie","last_name":"MacIlraith"},
    {"id":287,"first_name":"Dennis","last_name":"Emmerson"},
    {"id":288,"first_name":"Viv","last_name":"Venard"},
    {"id":289,"first_name":"Suzette","last_name":"Raper"},
    {"id":290,"first_name":"Bay","last_name":"Stellino"},
    {"id":291,"first_name":"Konstantin","last_name":"Houlison"},
    {"id":292,"first_name":"Toni","last_name":"Tompkinson"},
    {"id":293,"first_name":"Erik","last_name":"Beggini"},
    {"id":294,"first_name":"Lucila","last_name":"Piffe"},
    {"id":295,"first_name":"Chuck","last_name":"Orpen"},
    {"id":296,"first_name":"Nalani","last_name":"Bairstow"},
    {"id":297,"first_name":"Mufi","last_name":"Arnould"},
    {"id":298,"first_name":"Axel","last_name":"MacAdam"},
    {"id":299,"first_name":"Rourke","last_name":"MacKeeg"},
    {"id":300,"first_name":"Gran","last_name":"Paiton"},
    {"id":301,"first_name":"Frederich","last_name":"Orbon"},
    {"id":302,"first_name":"Jefferson","last_name":"Lackney"},
    {"id":303,"first_name":"Eadith","last_name":"Dogerty"},
    {"id":304,"first_name":"Margy","last_name":"Brunker"},
    {"id":305,"first_name":"Gerome","last_name":"Edscer"},
    {"id":306,"first_name":"Ericka","last_name":"Dunsmore"},
    {"id":307,"first_name":"Helen","last_name":"Bullimore"},
    {"id":308,"first_name":"Preston","last_name":"Hamor"},
    {"id":309,"first_name":"Gifford","last_name":"Gladdifh"},
    {"id":310,"first_name":"Dominica","last_name":"Pimlock"},
    {"id":311,"first_name":"Ossie","last_name":"Vass"},
    {"id":312,"first_name":"Wendel","last_name":"Pentycost"},
    {"id":313,"first_name":"Moshe","last_name":"Chamberlain"},
    {"id":314,"first_name":"Emelita","last_name":"Sodor"},
    {"id":315,"first_name":"Butch","last_name":"Quinby"},
    {"id":316,"first_name":"Emanuele","last_name":"Jaquet"},
    {"id":317,"first_name":"Arielle","last_name":"Hands"},
    {"id":318,"first_name":"Ariadne","last_name":"Maytom"},
    {"id":319,"first_name":"Camey","last_name":"Meeron"},
    {"id":320,"first_name":"Laurice","last_name":"Stockford"},
    {"id":321,"first_name":"Kimmie","last_name":"Chirm"},
    {"id":322,"first_name":"Chas","last_name":"Aubrey"},
    {"id":323,"first_name":"Rochelle","last_name":"Mumby"},
    {"id":324,"first_name":"Joshuah","last_name":"Cheer"},
    {"id":325,"first_name":"Rudy","last_name":"Hainning"},
    {"id":326,"first_name":"Cale","last_name":"Vallentin"},
    {"id":327,"first_name":"Lindsy","last_name":"Kidney"},
    {"id":328,"first_name":"Damiano","last_name":"Tweedie"},
    {"id":329,"first_name":"Derron","last_name":"McCully"},
    {"id":330,"first_name":"Nora","last_name":"Nairns"},
    {"id":331,"first_name":"Broddy","last_name":"Alejandro"},
    {"id":332,"first_name":"Tessa","last_name":"Winter"},
    {"id":333,"first_name":"Orlando","last_name":"Chazette"},
    {"id":334,"first_name":"Guy","last_name":"Schruyers"},
    {"id":335,"first_name":"Perceval","last_name":"Buckenham"},
    {"id":336,"first_name":"Zed","last_name":"Klosser"},
    {"id":337,"first_name":"Lexine","last_name":"Gaskamp"},
    {"id":338,"first_name":"Ileana","last_name":"Coleson"},
    {"id":339,"first_name":"Alair","last_name":"Stobbes"},
    {"id":340,"first_name":"Maureene","last_name":"Kynnd"},
    {"id":341,"first_name":"Minnaminnie","last_name":"Halladay"},
    {"id":342,"first_name":"Sauveur","last_name":"Arnow"},
    {"id":343,"first_name":"Wash","last_name":"Readwin"},
    {"id":344,"first_name":"Wolfie","last_name":"Deluze"},
    {"id":345,"first_name":"Kaleena","last_name":"Esby"},
    {"id":346,"first_name":"Andres","last_name":"Baxster"},
    {"id":347,"first_name":"Clarie","last_name":"Riccelli"},
    {"id":348,"first_name":"Rudiger","last_name":"Plane"},
    {"id":349,"first_name":"Bailey","last_name":"Grayling"},
    {"id":350,"first_name":"Ramona","last_name":"Hardman"},
    {"id":351,"first_name":"Noel","last_name":"Ecclesall"},
    {"id":352,"first_name":"Basilius","last_name":"Jerome"},
    {"id":353,"first_name":"Carr","last_name":"Padbury"},
    {"id":354,"first_name":"Mose","last_name":"Borsnall"},
    {"id":355,"first_name":"Olenolin","last_name":"Bugby"},
    {"id":356,"first_name":"Latrena","last_name":"Doorey"},
    {"id":357,"first_name":"Mahala","last_name":"Leamon"},
    {"id":358,"first_name":"Wenda","last_name":"McKelvie"},
    {"id":359,"first_name":"Fidelia","last_name":"Sanson"},
    {"id":360,"first_name":"Vivien","last_name":"Barnsdall"},
    {"id":361,"first_name":"Bil","last_name":"Grasner"},
    {"id":362,"first_name":"Sidnee","last_name":"Dodworth"},
    {"id":363,"first_name":"Haley","last_name":"Cheel"},
    {"id":364,"first_name":"Rozella","last_name":"Iacovielli"},
    {"id":365,"first_name":"Robinet","last_name":"Kopisch"},
    {"id":366,"first_name":"Ambrose","last_name":"Siderfin"},
    {"id":367,"first_name":"Gallagher","last_name":"Apperley"},
    {"id":368,"first_name":"Merlina","last_name":"Hopfer"},
    {"id":369,"first_name":"Arthur","last_name":"Band"},
    {"id":370,"first_name":"Lauralee","last_name":"Smullen"},
    {"id":371,"first_name":"Gael","last_name":"Echalie"},
    {"id":372,"first_name":"Cosmo","last_name":"Semon"},
    {"id":373,"first_name":"Emyle","last_name":"Couth"},
    {"id":374,"first_name":"Hadria","last_name":"Songer"},
    {"id":375,"first_name":"Damiano","last_name":"Swinburne"},
    {"id":376,"first_name":"Jay","last_name":"Pinkett"},
    {"id":377,"first_name":"Vivie","last_name":"Guerreru"},
    {"id":378,"first_name":"Meridel","last_name":"Tidbald"},
    {"id":379,"first_name":"Artemis","last_name":"Manicom"},
    {"id":380,"first_name":"Bettye","last_name":"Neames"},
    {"id":381,"first_name":"Westley","last_name":"Goulthorp"},
    {"id":382,"first_name":"Ole","last_name":"Somerfield"},
    {"id":383,"first_name":"Alanson","last_name":"Malarkey"},
    {"id":384,"first_name":"Farand","last_name":"Sommerton"},
    {"id":385,"first_name":"Robin","last_name":"Kynton"},
    {"id":386,"first_name":"Farah","last_name":"Rosberg"},
    {"id":387,"first_name":"Gerianna","last_name":"Broadley"},
    {"id":388,"first_name":"Charis","last_name":"Dyble"},
    {"id":389,"first_name":"Hilary","last_name":"Bernat"},
    {"id":390,"first_name":"Isis","last_name":"Gauford"},
    {"id":391,"first_name":"Putnem","last_name":"Atlay"},
    {"id":392,"first_name":"Arturo","last_name":"Battrum"},
    {"id":393,"first_name":"Nonnah","last_name":"Stealey"},
    {"id":394,"first_name":"Sheilakathryn","last_name":"Livard"},
    {"id":395,"first_name":"Borden","last_name":"Kinsman"},
    {"id":396,"first_name":"Barry","last_name":"Laurens"},
    {"id":397,"first_name":"Paloma","last_name":"Pletts"},
    {"id":398,"first_name":"Kathlin","last_name":"Youthed"},
    {"id":399,"first_name":"Georgianna","last_name":"Goodwell"},
    {"id":400,"first_name":"Yolanda","last_name":"Mansel"},
    {"id":401,"first_name":"Jan","last_name":"Tuting"},
    {"id":402,"first_name":"Padraic","last_name":"Bril"},
    {"id":403,"first_name":"Guillema","last_name":"Malarkey"},
    {"id":404,"first_name":"Dianna","last_name":"Gallymore"},
    {"id":405,"first_name":"Flossy","last_name":"Rockliffe"},
    {"id":406,"first_name":"Jamaal","last_name":"Norcott"},
    {"id":407,"first_name":"Gretna","last_name":"Giffard"},
    {"id":408,"first_name":"Farley","last_name":"Jewess"},
    {"id":409,"first_name":"Letta","last_name":"Timlett"},
    {"id":410,"first_name":"Rycca","last_name":"Dolan"},
    {"id":411,"first_name":"Gilda","last_name":"Loverock"},
    {"id":412,"first_name":"Reyna","last_name":"Kiddy"},
    {"id":413,"first_name":"Hollie","last_name":"Menco"},
    {"id":414,"first_name":"Shanna","last_name":"Nayshe"},
    {"id":415,"first_name":"Virgina","last_name":"Haylett"},
    {"id":416,"first_name":"Pamelina","last_name":"Chadburn"},
    {"id":417,"first_name":"Jasmina","last_name":"Gilpin"},
    {"id":418,"first_name":"Halimeda","last_name":"Bradburne"},
    {"id":419,"first_name":"Pip","last_name":"Beer"},
    {"id":420,"first_name":"Frasier","last_name":"MacAlpin"},
    {"id":421,"first_name":"Griffith","last_name":"Rubinlicht"},
    {"id":422,"first_name":"Leigh","last_name":"Bimson"},
    {"id":423,"first_name":"Shepard","last_name":"Stoakes"},
    {"id":424,"first_name":"Dietrich","last_name":"Haseldine"},
    {"id":425,"first_name":"Westley","last_name":"Measor"},
    {"id":426,"first_name":"Mirilla","last_name":"Olle"},
    {"id":427,"first_name":"Eleni","last_name":"Romanski"},
    {"id":428,"first_name":"Marci","last_name":"Aimeric"},
    {"id":429,"first_name":"Scotti","last_name":"Soane"},
    {"id":430,"first_name":"Oren","last_name":"Sewart"},
    {"id":431,"first_name":"Davidde","last_name":"Poznanski"},
    {"id":432,"first_name":"Fredra","last_name":"Snel"},
    {"id":433,"first_name":"Pail","last_name":"Stedall"},
    {"id":434,"first_name":"Gibb","last_name":"Rozec"},
    {"id":435,"first_name":"Bridgette","last_name":"Primett"},
    {"id":436,"first_name":"Gerrilee","last_name":"Heyfield"},
    {"id":437,"first_name":"Aloysia","last_name":"Sherrin"},
    {"id":438,"first_name":"Libby","last_name":"Dow"},
    {"id":439,"first_name":"Brandice","last_name":"Emblem"},
    {"id":440,"first_name":"Viviyan","last_name":"Corps"},
    {"id":441,"first_name":"Caterina","last_name":"Le Marquand"},
    {"id":442,"first_name":"Roderigo","last_name":"Blenkiron"},
    {"id":443,"first_name":"Sutton","last_name":"Gimenez"},
    {"id":444,"first_name":"Chevy","last_name":"Dibbert"},
    {"id":445,"first_name":"Ambrosio","last_name":"Curgenven"},
    {"id":446,"first_name":"Iain","last_name":"Pert"},
    {"id":447,"first_name":"Kristo","last_name":"Alenshev"},
    {"id":448,"first_name":"Lorrin","last_name":"Rudolfer"},
    {"id":449,"first_name":"Jessamyn","last_name":"Dangerfield"},
    {"id":450,"first_name":"Yelena","last_name":"Cussons"},
    {"id":451,"first_name":"Bax","last_name":"Synder"},
    {"id":452,"first_name":"Giordano","last_name":"Heiden"},
    {"id":453,"first_name":"Janaya","last_name":"Hildrew"},
    {"id":454,"first_name":"Gran","last_name":"Timmermann"},
    {"id":455,"first_name":"Conant","last_name":"Gerckens"},
    {"id":456,"first_name":"Doralyn","last_name":"Revely"},
    {"id":457,"first_name":"Lindsay","last_name":"Mumford"},
    {"id":458,"first_name":"Janey","last_name":"Bedome"},
    {"id":459,"first_name":"Judye","last_name":"Compford"},
    {"id":460,"first_name":"Lori","last_name":"Maitland"},
    {"id":461,"first_name":"Justine","last_name":"Le Breton De La Vieuville"},
    {"id":462,"first_name":"Vaclav","last_name":"Smallshaw"},
    {"id":463,"first_name":"Olva","last_name":"Brazear"},
    {"id":464,"first_name":"Syd","last_name":"O'Sirin"},
    {"id":465,"first_name":"Leigh","last_name":"Benettini"},
    {"id":466,"first_name":"Elberta","last_name":"Skully"},
    {"id":467,"first_name":"Neysa","last_name":"Fernely"},
    {"id":468,"first_name":"Ardith","last_name":"Siddeley"},
    {"id":469,"first_name":"Teddie","last_name":"White"},
    {"id":470,"first_name":"Liane","last_name":"Obray"},
    {"id":471,"first_name":"Barton","last_name":"Richardot"},
    {"id":472,"first_name":"Allard","last_name":"Maving"},
    {"id":473,"first_name":"Neilla","last_name":"Parfitt"},
    {"id":474,"first_name":"Hilda","last_name":"Vann"},
    {"id":475,"first_name":"Atlante","last_name":"Baden"},
    {"id":476,"first_name":"Damara","last_name":"Hardwicke"},
    {"id":477,"first_name":"Gerhard","last_name":"Nilges"},
    {"id":478,"first_name":"Brigitte","last_name":"Dabling"},
    {"id":479,"first_name":"Ignaz","last_name":"Bollin"},
    {"id":480,"first_name":"Perice","last_name":"Dracey"},
    {"id":481,"first_name":"Colleen","last_name":"Canero"},
    {"id":482,"first_name":"Carny","last_name":"Coventry"},
    {"id":483,"first_name":"Blythe","last_name":"Archer"},
    {"id":484,"first_name":"Loutitia","last_name":"Henbury"},
    {"id":485,"first_name":"Ginevra","last_name":"Simonds"},
    {"id":486,"first_name":"Melloney","last_name":"Zavittieri"},
    {"id":487,"first_name":"Rosana","last_name":"Aldiss"},
    {"id":488,"first_name":"Korney","last_name":"Skaife d'Ingerthorpe"},
    {"id":489,"first_name":"Willie","last_name":"Mollett"},
    {"id":490,"first_name":"Billye","last_name":"Van der Hoeven"},
    {"id":491,"first_name":"Sonja","last_name":"Deinhardt"},
    {"id":492,"first_name":"Christean","last_name":"Corney"},
    {"id":493,"first_name":"Helge","last_name":"Roeby"},
    {"id":494,"first_name":"Rodger","last_name":"Swaffield"},
    {"id":495,"first_name":"Joby","last_name":"Winmill"},
    {"id":496,"first_name":"Tonya","last_name":"Gulliver"},
    {"id":497,"first_name":"Toby","last_name":"Greed"},
    {"id":498,"first_name":"Nap","last_name":"Getten"},
    {"id":499,"first_name":"Gill","last_name":"Atling"},
    {"id":500,"first_name":"Abbe","last_name":"Gaynesford"},
    {"id":501,"first_name":"Gerrard","last_name":"Cankett"},
    {"id":502,"first_name":"Vachel","last_name":"Gossage"},
    {"id":503,"first_name":"Nealson","last_name":"Bortolussi"},
    {"id":504,"first_name":"Sharai","last_name":"Foxten"},
    {"id":505,"first_name":"Linda","last_name":"Casino"},
    {"id":506,"first_name":"Timi","last_name":"Veltman"},
    {"id":507,"first_name":"Fidelia","last_name":"Bogays"},
    {"id":508,"first_name":"Guglielmo","last_name":"Meaking"},
    {"id":509,"first_name":"Innis","last_name":"Sherburn"},
    {"id":510,"first_name":"Vaughan","last_name":"Marchenko"},
    {"id":511,"first_name":"Lindsy","last_name":"Hill"},
    {"id":512,"first_name":"Alejandrina","last_name":"Ivel"},
    {"id":513,"first_name":"Husain","last_name":"Troni"},
    {"id":514,"first_name":"Bartie","last_name":"Boreham"},
    {"id":515,"first_name":"Flori","last_name":"Thomsson"},
    {"id":516,"first_name":"Romola","last_name":"Bente"},
    {"id":517,"first_name":"Benoit","last_name":"Dyment"},
    {"id":518,"first_name":"Erny","last_name":"O'Gormley"},
    {"id":519,"first_name":"Gladys","last_name":"Belitz"},
    {"id":520,"first_name":"Morgan","last_name":"Hartfleet"},
    {"id":521,"first_name":"Ikey","last_name":"O'Doherty"},
    {"id":522,"first_name":"Marji","last_name":"Filipczak"},
    {"id":523,"first_name":"Austine","last_name":"Montel"},
    {"id":524,"first_name":"Helge","last_name":"Whebell"},
    {"id":525,"first_name":"Elmore","last_name":"Pettitt"},
    {"id":526,"first_name":"Cirilo","last_name":"Domenichini"},
    {"id":527,"first_name":"Gaston","last_name":"Lindenblatt"},
    {"id":528,"first_name":"Theresita","last_name":"Radband"},
    {"id":529,"first_name":"Jonas","last_name":"Stanesby"},
    {"id":530,"first_name":"Pen","last_name":"Sarrell"},
    {"id":531,"first_name":"Udale","last_name":"Minshull"},
    {"id":532,"first_name":"Clio","last_name":"Copcott"},
    {"id":533,"first_name":"Ashlee","last_name":"Charpin"},
    {"id":534,"first_name":"Sal","last_name":"Meanwell"},
    {"id":535,"first_name":"Trueman","last_name":"Painten"},
    {"id":536,"first_name":"Letti","last_name":"Algeo"},
    {"id":537,"first_name":"Con","last_name":"Andersch"},
    {"id":538,"first_name":"Benjy","last_name":"Graeser"},
    {"id":539,"first_name":"Othelia","last_name":"Somersett"},
    {"id":540,"first_name":"Tome","last_name":"Dubois"},
    {"id":541,"first_name":"Ciro","last_name":"Fick"},
    {"id":542,"first_name":"Don","last_name":"Haylor"},
    {"id":543,"first_name":"Gilberte","last_name":"Lankford"},
    {"id":544,"first_name":"Jacky","last_name":"Rounsefell"},
    {"id":545,"first_name":"Dredi","last_name":"Whiteside"},
    {"id":546,"first_name":"Amitie","last_name":"Yea"},
    {"id":547,"first_name":"Blinnie","last_name":"Knath"},
    {"id":548,"first_name":"Leoine","last_name":"Mellonby"},
    {"id":549,"first_name":"Jeane","last_name":"Luther"},
    {"id":550,"first_name":"Denni","last_name":"Kordova"},
    {"id":551,"first_name":"Rochette","last_name":"Dossettor"},
    {"id":552,"first_name":"Clevey","last_name":"Sisnett"},
    {"id":553,"first_name":"Phyllis","last_name":"Mallows"},
    {"id":554,"first_name":"Yoshiko","last_name":"Collcott"},
    {"id":555,"first_name":"Lydia","last_name":"Tames"},
    {"id":556,"first_name":"Brendin","last_name":"Davidovich"},
    {"id":557,"first_name":"Elsbeth","last_name":"Feaster"},
    {"id":558,"first_name":"Colas","last_name":"Picford"},
    {"id":559,"first_name":"Nananne","last_name":"Cazin"},
    {"id":560,"first_name":"Hortensia","last_name":"Pont"},
    {"id":561,"first_name":"Mel","last_name":"Cescot"},
    {"id":562,"first_name":"Adelice","last_name":"Claque"},
    {"id":563,"first_name":"Hally","last_name":"Norcross"},
    {"id":564,"first_name":"Loralie","last_name":"Abden"},
    {"id":565,"first_name":"Joanie","last_name":"Treslove"},
    {"id":566,"first_name":"Saw","last_name":"Hutcheon"},
    {"id":567,"first_name":"Kakalina","last_name":"Bertin"},
    {"id":568,"first_name":"Libbey","last_name":"Summerlie"},
    {"id":569,"first_name":"Lizzie","last_name":"Eckley"},
    {"id":570,"first_name":"Colet","last_name":"Condict"},
    {"id":571,"first_name":"Felita","last_name":"Morison"},
    {"id":572,"first_name":"Caye","last_name":"Bulluck"},
    {"id":573,"first_name":"Ailsun","last_name":"Plevey"},
    {"id":574,"first_name":"Ekaterina","last_name":"Burbage"},
    {"id":575,"first_name":"Aldus","last_name":"Schout"},
    {"id":576,"first_name":"Audy","last_name":"Carus"},
    {"id":577,"first_name":"Nathalie","last_name":"Wixey"},
    {"id":578,"first_name":"Edgard","last_name":"Shackel"},
    {"id":579,"first_name":"Freddy","last_name":"Beggs"},
    {"id":580,"first_name":"Shelley","last_name":"Harrod"},
    {"id":581,"first_name":"Ashly","last_name":"Rainbow"},
    {"id":582,"first_name":"Phillie","last_name":"Mullinger"},
    {"id":583,"first_name":"Saw","last_name":"Yvens"},
    {"id":584,"first_name":"Ozzie","last_name":"Heighway"},
    {"id":585,"first_name":"Tobi","last_name":"McLaughlin"},
    {"id":586,"first_name":"Alexei","last_name":"Galloway"},
    {"id":587,"first_name":"Calley","last_name":"Poe"},
    {"id":588,"first_name":"Clint","last_name":"Frie"},
    {"id":589,"first_name":"Otha","last_name":"O'Reilly"},
    {"id":590,"first_name":"Morten","last_name":"Pinching"},
    {"id":591,"first_name":"Martie","last_name":"Simmonite"},
    {"id":592,"first_name":"Carlee","last_name":"Crankshaw"},
    {"id":593,"first_name":"Lori","last_name":"Merrywether"},
    {"id":594,"first_name":"Inessa","last_name":"Fihelly"},
    {"id":595,"first_name":"Tommy","last_name":"Lockett"},
    {"id":596,"first_name":"Yul","last_name":"Pomfrey"},
    {"id":597,"first_name":"Ofilia","last_name":"Balcock"},
    {"id":598,"first_name":"Otho","last_name":"Tomblin"},
    {"id":599,"first_name":"Elvira","last_name":"Thrasher"},
    {"id":600,"first_name":"Shelbi","last_name":"Risso"},
    {"id":601,"first_name":"Jorie","last_name":"Nasi"},
    {"id":602,"first_name":"Willis","last_name":"Winkell"},
    {"id":603,"first_name":"Adolphe","last_name":"Hark"},
    {"id":604,"first_name":"Amata","last_name":"Whitsey"},
    {"id":605,"first_name":"Doralia","last_name":"Whyatt"},
    {"id":606,"first_name":"Ulrich","last_name":"McKinna"},
    {"id":607,"first_name":"Biron","last_name":"Lathy"},
    {"id":608,"first_name":"Giacomo","last_name":"Terbruggen"},
    {"id":609,"first_name":"Catharina","last_name":"Woltman"},
    {"id":610,"first_name":"Ellis","last_name":"Hunday"},
    {"id":611,"first_name":"Lyndsay","last_name":"Ashbe"},
    {"id":612,"first_name":"Colman","last_name":"Gebbe"},
    {"id":613,"first_name":"Tibold","last_name":"Durkin"},
    {"id":614,"first_name":"Melonie","last_name":"Landal"},
    {"id":615,"first_name":"Conni","last_name":"Bryson"},
    {"id":616,"first_name":"Lian","last_name":"McIlhagga"},
    {"id":617,"first_name":"Hubie","last_name":"Baddow"},
    {"id":618,"first_name":"Jocelin","last_name":"Doole"},
    {"id":619,"first_name":"Sandi","last_name":"Vears"},
    {"id":620,"first_name":"Carrissa","last_name":"Loeber"},
    {"id":621,"first_name":"Aylmar","last_name":"Ely"},
    {"id":622,"first_name":"Lazare","last_name":"Paramore"},
    {"id":623,"first_name":"Melvyn","last_name":"Kisby"},
    {"id":624,"first_name":"Calla","last_name":"Lievesley"},
    {"id":625,"first_name":"Sioux","last_name":"Jeaffreson"},
    {"id":626,"first_name":"Bobbette","last_name":"Rossey"},
    {"id":627,"first_name":"Olympie","last_name":"Shaves"},
    {"id":628,"first_name":"Simon","last_name":"Galsworthy"},
    {"id":629,"first_name":"Kit","last_name":"Giametti"},
    {"id":630,"first_name":"Doe","last_name":"Easom"},
    {"id":631,"first_name":"Jehu","last_name":"Labro"},
    {"id":632,"first_name":"Meghann","last_name":"Guisler"},
    {"id":633,"first_name":"Ford","last_name":"Brumby"},
    {"id":634,"first_name":"Mose","last_name":"Koopman"},
    {"id":635,"first_name":"Malynda","last_name":"Maddick"},
    {"id":636,"first_name":"Kin","last_name":"Thackray"},
    {"id":637,"first_name":"Goober","last_name":"Sinnott"},
    {"id":638,"first_name":"Mariel","last_name":"Kilfether"},
    {"id":639,"first_name":"Derril","last_name":"Rapin"},
    {"id":640,"first_name":"Arv","last_name":"Ozintsev"},
    {"id":641,"first_name":"Rog","last_name":"Espley"},
    {"id":642,"first_name":"Carmelita","last_name":"Pues"},
    {"id":643,"first_name":"Karoly","last_name":"Chevins"},
    {"id":644,"first_name":"Clark","last_name":"Marl"},
    {"id":645,"first_name":"Karine","last_name":"Jeandel"},
    {"id":646,"first_name":"Kellie","last_name":"Tenwick"},
    {"id":647,"first_name":"Ramonda","last_name":"Dunhill"},
    {"id":648,"first_name":"Binky","last_name":"Lauritsen"},
    {"id":649,"first_name":"Jacklyn","last_name":"Kilshaw"},
    {"id":650,"first_name":"Evered","last_name":"Mitchelhill"},
    {"id":651,"first_name":"Daisey","last_name":"Viscovi"},
    {"id":652,"first_name":"Roberto","last_name":"McDunlevy"},
    {"id":653,"first_name":"Joni","last_name":"Boutellier"},
    {"id":654,"first_name":"Sheryl","last_name":"Texton"},
    {"id":655,"first_name":"Florie","last_name":"Mylan"},
    {"id":656,"first_name":"Dulcine","last_name":"Rentalll"},
    {"id":657,"first_name":"Colman","last_name":"Gasticke"},
    {"id":658,"first_name":"Kiel","last_name":"August"},
    {"id":659,"first_name":"Ric","last_name":"McReidy"},
    {"id":660,"first_name":"Sharia","last_name":"Irlam"},
    {"id":661,"first_name":"Fleming","last_name":"Gillanders"},
    {"id":662,"first_name":"Roarke","last_name":"Scollan"},
    {"id":663,"first_name":"Melantha","last_name":"Whight"},
    {"id":664,"first_name":"Chad","last_name":"Pippard"},
    {"id":665,"first_name":"Corrianne","last_name":"Hedger"},
    {"id":666,"first_name":"Cletus","last_name":"Grolle"},
    {"id":667,"first_name":"Caritta","last_name":"Pirrey"},
    {"id":668,"first_name":"Ilaire","last_name":"Cavet"},
    {"id":669,"first_name":"Angele","last_name":"Dunkerton"},
    {"id":670,"first_name":"Emilia","last_name":"Timpany"},
    {"id":671,"first_name":"Karlen","last_name":"Adamczyk"},
    {"id":672,"first_name":"Hillel","last_name":"Wyles"},
    {"id":673,"first_name":"Clair","last_name":"Carlisi"},
    {"id":674,"first_name":"Annice","last_name":"Lassen"},
    {"id":675,"first_name":"Shana","last_name":"Bernhardsson"},
    {"id":676,"first_name":"Queenie","last_name":"Showt"},
    {"id":677,"first_name":"Hattie","last_name":"Barrable"},
    {"id":678,"first_name":"Harmonia","last_name":"Kibbe"},
    {"id":679,"first_name":"Roobbie","last_name":"Billingsley"},
    {"id":680,"first_name":"Karlene","last_name":"Blackman"},
    {"id":681,"first_name":"Shalne","last_name":"Roggieri"},
    {"id":682,"first_name":"Kaylee","last_name":"Broxup"},
    {"id":683,"first_name":"Harv","last_name":"Lusher"},
    {"id":684,"first_name":"Dulci","last_name":"Callaghan"},
    {"id":685,"first_name":"Art","last_name":"Bernholt"},
    {"id":686,"first_name":"Peggie","last_name":"Galliard"},
    {"id":687,"first_name":"Maximilian","last_name":"Halbard"},
    {"id":688,"first_name":"Cheryl","last_name":"Mettricke"},
    {"id":689,"first_name":"Zoe","last_name":"Tampion"},
    {"id":690,"first_name":"Stillmann","last_name":"Deviney"},
    {"id":691,"first_name":"Eleanora","last_name":"Gulland"},
    {"id":692,"first_name":"Darryl","last_name":"Bownes"},
    {"id":693,"first_name":"Salome","last_name":"Tomaskunas"},
    {"id":694,"first_name":"Sarine","last_name":"Leisman"},
    {"id":695,"first_name":"John","last_name":"Roxby"},
    {"id":696,"first_name":"Finley","last_name":"Niccols"},
    {"id":697,"first_name":"Ebony","last_name":"Peteri"},
    {"id":698,"first_name":"Erina","last_name":"De Ruggiero"},
    {"id":699,"first_name":"Denise","last_name":"Twallin"},
    {"id":700,"first_name":"Cordula","last_name":"Camerati"},
    {"id":701,"first_name":"Mel","last_name":"Just"},
    {"id":702,"first_name":"Henrietta","last_name":"Pinckstone"},
    {"id":703,"first_name":"Joellen","last_name":"Clavey"},
    {"id":704,"first_name":"Betsey","last_name":"Antoons"},
    {"id":705,"first_name":"Lorenzo","last_name":"Allder"},
    {"id":706,"first_name":"Emlyn","last_name":"Beccera"},
    {"id":707,"first_name":"Allis","last_name":"Curnnokk"},
    {"id":708,"first_name":"Ferrell","last_name":"Joska"},
    {"id":709,"first_name":"Eimile","last_name":"Rama"},
    {"id":710,"first_name":"Isac","last_name":"Parlour"},
    {"id":711,"first_name":"Larry","last_name":"Bouskill"},
    {"id":712,"first_name":"Chris","last_name":"Clegg"},
    {"id":713,"first_name":"Brooke","last_name":"Mordacai"},
    {"id":714,"first_name":"Hurlee","last_name":"Dilworth"},
    {"id":715,"first_name":"Dionisio","last_name":"O'Cahill"},
    {"id":716,"first_name":"Town","last_name":"Thick"},
    {"id":717,"first_name":"Michal","last_name":"Fardy"},
    {"id":718,"first_name":"Verene","last_name":"Henriet"},
    {"id":719,"first_name":"Norina","last_name":"Morgen"},
    {"id":720,"first_name":"Shauna","last_name":"Adamov"},
    {"id":721,"first_name":"Kristien","last_name":"Elleyne"},
    {"id":722,"first_name":"Darby","last_name":"Batham"},
    {"id":723,"first_name":"Prudi","last_name":"Mahaddy"},
    {"id":724,"first_name":"Thane","last_name":"Piggens"},
    {"id":725,"first_name":"Wade","last_name":"Sarll"},
    {"id":726,"first_name":"Chandra","last_name":"Henric"},
    {"id":727,"first_name":"Gawen","last_name":"Axby"},
    {"id":728,"first_name":"Zita","last_name":"Balma"},
    {"id":729,"first_name":"Grete","last_name":"Albiston"},
    {"id":730,"first_name":"Cherrita","last_name":"Poppy"},
    {"id":731,"first_name":"Daryl","last_name":"Mullin"},
    {"id":732,"first_name":"Letisha","last_name":"Boggon"},
    {"id":733,"first_name":"Haroun","last_name":"Matyja"},
    {"id":734,"first_name":"Kerby","last_name":"Flinn"},
    {"id":735,"first_name":"Francyne","last_name":"Forsythe"},
    {"id":736,"first_name":"Annissa","last_name":"Clemson"},
    {"id":737,"first_name":"Bordie","last_name":"Gounard"},
    {"id":738,"first_name":"Sari","last_name":"Ainsby"},
    {"id":739,"first_name":"Bruno","last_name":"McGall"},
    {"id":740,"first_name":"Adolph","last_name":"Sighard"},
    {"id":741,"first_name":"Bridie","last_name":"Philcock"},
    {"id":742,"first_name":"Rab","last_name":"Figura"},
    {"id":743,"first_name":"Silvan","last_name":"Watford"},
    {"id":744,"first_name":"Egor","last_name":"Nevin"},
    {"id":745,"first_name":"Marlie","last_name":"Horley"},
    {"id":746,"first_name":"Siobhan","last_name":"Jozsika"},
    {"id":747,"first_name":"Marjy","last_name":"Utterson"},
    {"id":748,"first_name":"Rosalinda","last_name":"Reeday"},
    {"id":749,"first_name":"Michel","last_name":"Pideon"},
    {"id":750,"first_name":"Tilda","last_name":"Oppery"},
    {"id":751,"first_name":"Cindie","last_name":"Cahill"},
    {"id":752,"first_name":"Fancy","last_name":"Walklott"},
    {"id":753,"first_name":"Tricia","last_name":"Kmicicki"},
    {"id":754,"first_name":"Helaina","last_name":"Bartomieu"},
    {"id":755,"first_name":"Andra","last_name":"Gradly"},
    {"id":756,"first_name":"Henryetta","last_name":"Spracklin"},
    {"id":757,"first_name":"Maura","last_name":"Pedycan"},
    {"id":758,"first_name":"Claudette","last_name":"Matusov"},
    {"id":759,"first_name":"Pegeen","last_name":"Najera"},
    {"id":760,"first_name":"Charley","last_name":"Shinefield"},
    {"id":761,"first_name":"Kessiah","last_name":"Finnie"},
    {"id":762,"first_name":"Milissent","last_name":"Kacheller"},
    {"id":763,"first_name":"Gardener","last_name":"McGerr"},
    {"id":764,"first_name":"Randi","last_name":"Critzen"},
    {"id":765,"first_name":"Pinchas","last_name":"Whitwam"},
    {"id":766,"first_name":"Nanine","last_name":"Ellington"},
    {"id":767,"first_name":"Ray","last_name":"Dello"},
    {"id":768,"first_name":"Hillel","last_name":"McEvoy"},
    {"id":769,"first_name":"Wendall","last_name":"Walklot"},
    {"id":770,"first_name":"Deonne","last_name":"Pickle"},
    {"id":771,"first_name":"Alyce","last_name":"Loyndon"},
    {"id":772,"first_name":"Hillie","last_name":"Asgodby"},
    {"id":773,"first_name":"Marilyn","last_name":"Eastmead"},
    {"id":774,"first_name":"Luz","last_name":"Jewitt"},
    {"id":775,"first_name":"Idette","last_name":"Augie"},
    {"id":776,"first_name":"Evvie","last_name":"Snalom"},
    {"id":777,"first_name":"Vinita","last_name":"Bricknell"},
    {"id":778,"first_name":"Pierrette","last_name":"Smogur"},
    {"id":779,"first_name":"Christoph","last_name":"Guyonneau"},
    {"id":780,"first_name":"Chrisy","last_name":"Piotrkowski"},
    {"id":781,"first_name":"Nicki","last_name":"Libreros"},
    {"id":782,"first_name":"Fredrick","last_name":"Becerra"},
    {"id":783,"first_name":"Livy","last_name":"Castagne"},
    {"id":784,"first_name":"Augustine","last_name":"Buxcy"},
    {"id":785,"first_name":"Brynn","last_name":"Penritt"},
    {"id":786,"first_name":"Maurene","last_name":"Kisby"},
    {"id":787,"first_name":"Kipp","last_name":"Scranny"},
    {"id":788,"first_name":"Dede","last_name":"Walles"},
    {"id":789,"first_name":"Pincas","last_name":"Cardinal"},
    {"id":790,"first_name":"Gabriela","last_name":"Hambidge"},
    {"id":791,"first_name":"Carol-jean","last_name":"Splevings"},
    {"id":792,"first_name":"Krysta","last_name":"De Lacey"},
    {"id":793,"first_name":"Antonie","last_name":"Hay"},
    {"id":794,"first_name":"Maressa","last_name":"Redsall"},
    {"id":795,"first_name":"Christophe","last_name":"Vautin"},
    {"id":796,"first_name":"Ivor","last_name":"Summerbell"},
    {"id":797,"first_name":"Shem","last_name":"Pregel"},
    {"id":798,"first_name":"Lissie","last_name":"Cornillot"},
    {"id":799,"first_name":"Byron","last_name":"Fruchter"},
    {"id":800,"first_name":"Zebulon","last_name":"Waller-Bridge"},
    {"id":801,"first_name":"Zahara","last_name":"Richardot"},
    {"id":802,"first_name":"Hughie","last_name":"Belk"},
    {"id":803,"first_name":"Torry","last_name":"Shalloe"},
    {"id":804,"first_name":"Gardiner","last_name":"Spilsbury"},
    {"id":805,"first_name":"Sylvia","last_name":"Atherley"},
    {"id":806,"first_name":"Chickie","last_name":"Kinney"},
    {"id":807,"first_name":"Meaghan","last_name":"Petrashov"},
    {"id":808,"first_name":"Alwin","last_name":"Heathfield"},
    {"id":809,"first_name":"Lucho","last_name":"Townend"},
    {"id":810,"first_name":"Gare","last_name":"Hebble"},
    {"id":811,"first_name":"Bord","last_name":"Guiel"},
    {"id":812,"first_name":"Beck","last_name":"Dadd"},
    {"id":813,"first_name":"Eadie","last_name":"Wratten"},
    {"id":814,"first_name":"Aaren","last_name":"Smorfit"},
    {"id":815,"first_name":"Pauli","last_name":"Worsnap"},
    {"id":816,"first_name":"Romeo","last_name":"Weatherburn"},
    {"id":817,"first_name":"Marcelle","last_name":"Charlesworth"},
    {"id":818,"first_name":"Olia","last_name":"Willmetts"},
    {"id":819,"first_name":"Nicolle","last_name":"Samways"},
    {"id":820,"first_name":"Andrew","last_name":"Mattock"},
    {"id":821,"first_name":"Brennan","last_name":"Wales"},
    {"id":822,"first_name":"Tamma","last_name":"Lyal"},
    {"id":823,"first_name":"Harrison","last_name":"Dran"},
    {"id":824,"first_name":"Cheryl","last_name":"Keddy"},
    {"id":825,"first_name":"Bernelle","last_name":"Chaulk"},
    {"id":826,"first_name":"Gianni","last_name":"Tassell"},
    {"id":827,"first_name":"Kayley","last_name":"Ephson"},
    {"id":828,"first_name":"Natalina","last_name":"Phettiplace"},
    {"id":829,"first_name":"Shelden","last_name":"Gowdie"},
    {"id":830,"first_name":"Emlynne","last_name":"O'Hagan"},
    {"id":831,"first_name":"Deva","last_name":"Ashfield"},
    {"id":832,"first_name":"Gordie","last_name":"Gulland"},
    {"id":833,"first_name":"Jo-anne","last_name":"Froment"},
    {"id":834,"first_name":"Aeriell","last_name":"Drohun"},
    {"id":835,"first_name":"Timi","last_name":"Reneke"},
    {"id":836,"first_name":"Nadia","last_name":"Cockings"},
    {"id":837,"first_name":"Abdul","last_name":"Ostrich"},
    {"id":838,"first_name":"Bil","last_name":"Casswell"},
    {"id":839,"first_name":"Fredek","last_name":"Kirrage"},
    {"id":840,"first_name":"Tatiania","last_name":"Bridgen"},
    {"id":841,"first_name":"Dedra","last_name":"Florence"},
    {"id":842,"first_name":"Gualterio","last_name":"Kemm"},
    {"id":843,"first_name":"Rosamond","last_name":"Gwyn"},
    {"id":844,"first_name":"Mollee","last_name":"Crooke"},
    {"id":845,"first_name":"Thane","last_name":"Jacobovitz"},
    {"id":846,"first_name":"Thorn","last_name":"Robiot"},
    {"id":847,"first_name":"Esme","last_name":"Oguz"},
    {"id":848,"first_name":"Gordy","last_name":"Warin"},
    {"id":849,"first_name":"Edythe","last_name":"Mc Trusty"},
    {"id":850,"first_name":"Martie","last_name":"Andrassy"},
    {"id":851,"first_name":"Mal","last_name":"Mocquer"},
    {"id":852,"first_name":"Melinde","last_name":"Tatum"},
    {"id":853,"first_name":"Alie","last_name":"Rudsdale"},
    {"id":854,"first_name":"Tobiah","last_name":"Riccione"},
    {"id":855,"first_name":"Maren","last_name":"Jeandeau"},
    {"id":856,"first_name":"Sibylle","last_name":"Furtado"},
    {"id":857,"first_name":"Marleen","last_name":"Boram"},
    {"id":858,"first_name":"Serge","last_name":"Jodkowski"},
    {"id":859,"first_name":"Opal","last_name":"Conwell"},
    {"id":860,"first_name":"Kellen","last_name":"Baldassi"},
    {"id":861,"first_name":"Federica","last_name":"Clapson"},
    {"id":862,"first_name":"Joshua","last_name":"Abbets"},
    {"id":863,"first_name":"Bear","last_name":"MacSharry"},
    {"id":864,"first_name":"Demetris","last_name":"Harbison"},
    {"id":865,"first_name":"Lucias","last_name":"Cuskery"},
    {"id":866,"first_name":"Harcourt","last_name":"Larratt"},
    {"id":867,"first_name":"Julie","last_name":"Ruttgers"},
    {"id":868,"first_name":"Garold","last_name":"Kissack"},
    {"id":869,"first_name":"Kareem","last_name":"Walford"},
    {"id":870,"first_name":"Nickolas","last_name":"Plaistowe"},
    {"id":871,"first_name":"Liane","last_name":"Battershall"},
    {"id":872,"first_name":"Ede","last_name":"Quaife"},
    {"id":873,"first_name":"Timi","last_name":"Domenicone"},
    {"id":874,"first_name":"Regan","last_name":"Elleray"},
    {"id":875,"first_name":"Alfie","last_name":"Pyer"},
    {"id":876,"first_name":"Abby","last_name":"Deverick"},
    {"id":877,"first_name":"Aloise","last_name":"Burlay"},
    {"id":878,"first_name":"Lonnie","last_name":"Kearey"},
    {"id":879,"first_name":"Maren","last_name":"Pretsel"},
    {"id":880,"first_name":"Lexy","last_name":"Bolliver"},
    {"id":881,"first_name":"Lil","last_name":"Bakhrushin"},
    {"id":882,"first_name":"Lind","last_name":"Ahrenius"},
    {"id":883,"first_name":"Phelia","last_name":"Keith"},
    {"id":884,"first_name":"Grantham","last_name":"Brister"},
    {"id":885,"first_name":"Marketa","last_name":"Roche"},
    {"id":886,"first_name":"Sherilyn","last_name":"Varey"},
    {"id":887,"first_name":"Marjorie","last_name":"Garoghan"},
    {"id":888,"first_name":"Clarita","last_name":"Perrins"},
    {"id":889,"first_name":"Buck","last_name":"Antrobus"},
    {"id":890,"first_name":"Tommie","last_name":"Tredinnick"},
    {"id":891,"first_name":"Axe","last_name":"Peddersen"},
    {"id":892,"first_name":"Agnesse","last_name":"Kubek"},
    {"id":893,"first_name":"Kalvin","last_name":"Sapp"},
    {"id":894,"first_name":"Kalli","last_name":"Crimp"},
    {"id":895,"first_name":"Lemar","last_name":"Lannin"},
    {"id":896,"first_name":"Der","last_name":"Brandli"},
    {"id":897,"first_name":"Darda","last_name":"Rosenauer"},
    {"id":898,"first_name":"Christian","last_name":"Pyecroft"},
    {"id":899,"first_name":"Matelda","last_name":"Tankus"},
    {"id":900,"first_name":"Merilyn","last_name":"Hargitt"},
    {"id":901,"first_name":"Nickolas","last_name":"Matthewman"},
    {"id":902,"first_name":"Quent","last_name":"Rayhill"},
    {"id":903,"first_name":"Cindy","last_name":"Gyurkovics"},
    {"id":904,"first_name":"Denys","last_name":"Hintzer"},
    {"id":905,"first_name":"Jeromy","last_name":"Gatman"},
    {"id":906,"first_name":"Forester","last_name":"Simpkiss"},
    {"id":907,"first_name":"Winnie","last_name":"Probin"},
    {"id":908,"first_name":"Starr","last_name":"Barrowcliff"},
    {"id":909,"first_name":"Ronalda","last_name":"Godbehere"},
    {"id":910,"first_name":"Dara","last_name":"Birtwisle"},
    {"id":911,"first_name":"Adelheid","last_name":"Trayte"},
    {"id":912,"first_name":"Marj","last_name":"Bedingfield"},
    {"id":913,"first_name":"Brennan","last_name":"Mounsie"},
    {"id":914,"first_name":"Alyda","last_name":"O'Donegan"},
    {"id":915,"first_name":"Shanna","last_name":"McKelvie"},
    {"id":916,"first_name":"Doralynne","last_name":"Haseley"},
    {"id":917,"first_name":"Paulette","last_name":"Riolfo"},
    {"id":918,"first_name":"Conney","last_name":"Studeart"},
    {"id":919,"first_name":"Mathilda","last_name":"McLoughlin"},
    {"id":920,"first_name":"Tammie","last_name":"Nangle"},
    {"id":921,"first_name":"Steven","last_name":"Kinson"},
    {"id":922,"first_name":"Modesta","last_name":"Tabor"},
    {"id":923,"first_name":"Kellyann","last_name":"Beecker"},
    {"id":924,"first_name":"Anatol","last_name":"MacCollom"},
    {"id":925,"first_name":"Edie","last_name":"Wanell"},
    {"id":926,"first_name":"Leanor","last_name":"Bare"},
    {"id":927,"first_name":"Estelle","last_name":"Brandom"},
    {"id":928,"first_name":"Bay","last_name":"Stoile"},
    {"id":929,"first_name":"Everett","last_name":"Brendeke"},
    {"id":930,"first_name":"Elli","last_name":"Burdfield"},
    {"id":931,"first_name":"Sky","last_name":"Traut"},
    {"id":932,"first_name":"Marv","last_name":"Yendle"},
    {"id":933,"first_name":"Casandra","last_name":"Zambonini"},
    {"id":934,"first_name":"Timmy","last_name":"Codrington"},
    {"id":935,"first_name":"Kippie","last_name":"Battin"},
    {"id":936,"first_name":"Delilah","last_name":"Womersley"},
    {"id":937,"first_name":"Bab","last_name":"Severwright"},
    {"id":938,"first_name":"Alva","last_name":"Filpo"},
    {"id":939,"first_name":"Carolin","last_name":"Neary"},
    {"id":940,"first_name":"Nanni","last_name":"Pleass"},
    {"id":941,"first_name":"Carline","last_name":"MacKaile"},
    {"id":942,"first_name":"Jemmy","last_name":"Buick"},
    {"id":943,"first_name":"Eadie","last_name":"Stuckow"},
    {"id":944,"first_name":"Shayla","last_name":"Fautly"},
    {"id":945,"first_name":"Shelby","last_name":"Skillington"},
    {"id":946,"first_name":"Thorndike","last_name":"Danbury"},
    {"id":947,"first_name":"Della","last_name":"Tewkesbury"},
    {"id":948,"first_name":"Elsinore","last_name":"Leahair"},
    {"id":949,"first_name":"Ardys","last_name":"Lyddy"},
    {"id":950,"first_name":"Zea","last_name":"Priden"},
    {"id":951,"first_name":"Pancho","last_name":"Dowson"},
    {"id":952,"first_name":"Gabbi","last_name":"Ramel"},
    {"id":953,"first_name":"Kassie","last_name":"Nardoni"},
    {"id":954,"first_name":"Andrew","last_name":"Spoure"},
    {"id":955,"first_name":"Trixi","last_name":"Safont"},
    {"id":956,"first_name":"Giustino","last_name":"Hodgon"},
    {"id":957,"first_name":"Abelard","last_name":"De Courtney"},
    {"id":958,"first_name":"Abigael","last_name":"Careless"},
    {"id":959,"first_name":"Gawain","last_name":"Huntriss"},
    {"id":960,"first_name":"Garnette","last_name":"Craigg"},
    {"id":961,"first_name":"Nancy","last_name":"Mary"},
    {"id":962,"first_name":"Banky","last_name":"Gulliver"},
    {"id":963,"first_name":"Romy","last_name":"Cathro"},
    {"id":964,"first_name":"Dennis","last_name":"Briddock"},
    {"id":965,"first_name":"Adrian","last_name":"Storrs"},
    {"id":966,"first_name":"Allyn","last_name":"Skellern"},
    {"id":967,"first_name":"Allyce","last_name":"Durtnel"},
    {"id":968,"first_name":"Margalo","last_name":"Petri"},
    {"id":969,"first_name":"Rozele","last_name":"Tuckey"},
    {"id":970,"first_name":"Trudie","last_name":"Gabbott"},
    {"id":971,"first_name":"Elisabeth","last_name":"Whitney"},
    {"id":972,"first_name":"Casandra","last_name":"Ellesworthe"},
    {"id":973,"first_name":"Hillary","last_name":"Alben"},
    {"id":974,"first_name":"Vincenty","last_name":"Lode"},
    {"id":975,"first_name":"Culley","last_name":"Boshard"},
    {"id":976,"first_name":"Hally","last_name":"Gartside"},
    {"id":977,"first_name":"Rickie","last_name":"Janssens"},
    {"id":978,"first_name":"Doyle","last_name":"Hullot"},
    {"id":979,"first_name":"Ardella","last_name":"Hestrop"},
    {"id":980,"first_name":"Elnora","last_name":"Leagas"},
    {"id":981,"first_name":"Elysee","last_name":"felip"},
    {"id":982,"first_name":"Audry","last_name":"MacSweeney"},
    {"id":983,"first_name":"Petronia","last_name":"Shemwell"},
    {"id":984,"first_name":"Juliane","last_name":"Plain"},
    {"id":985,"first_name":"Filip","last_name":"Brookesbie"},
    {"id":986,"first_name":"Eva","last_name":"Knowlys"},
    {"id":987,"first_name":"Rosalie","last_name":"Coote"},
    {"id":988,"first_name":"Shandee","last_name":"Jancy"},
    {"id":989,"first_name":"Adrian","last_name":"Goddert.sf"},
    {"id":990,"first_name":"Raquela","last_name":"McConnulty"},
    {"id":991,"first_name":"Brandon","last_name":"Nangle"},
    {"id":992,"first_name":"Huey","last_name":"Gieraths"},
    {"id":993,"first_name":"Harland","last_name":"Sturrock"},
    {"id":994,"first_name":"Emili","last_name":"Brennenstuhl"},
    {"id":995,"first_name":"Ferdinande","last_name":"Abercromby"},
    {"id":996,"first_name":"Redford","last_name":"Knoller"},
    {"id":997,"first_name":"Saree","last_name":"Durbann"},
    {"id":998,"first_name":"Hew","last_name":"Jankowski"},
    {"id":999,"first_name":"Edythe","last_name":"O'Leagham"},
    {"id":1000,"first_name":"Allyce","last_name":"Smieton"}]